request_id,zone_id,event_time,ingest_time,final_fare,surge_multiplier,weather
914d07e3-cdaf-4808-bf35-6c868fb50fac,Airport,2026-03-01 00:00:12,2026-03-01 00:00:12,18.0,1.3,rain
6ce780d4-c322-4ded-951b-63b737ed88b5,Midtown,2026-03-01 00:00:11,2026-03-01 00:00:45,23.38,1.0,clear
c9bd0e0d-7e7a-46b5-a54a-03fe6517f019,Airport,2026-03-01 00:01:50,2026-03-01 00:01:51,12.82,1.3,rain
14347813-0457-48e8-86fe-2d1327927f38,Midtown,2026-03-01 00:02:22,2026-03-01 00:02:50,18.09,1.0,clear
2eb95076-f15a-402a-be93-b04644c220a7,UofT,2026-03-01 00:02:11,2026-03-01 00:04:23,12.82,1.3,rain
c82276f5-c134-414d-a124-2ad6417d068c,Waterfront,2026-03-01 00:05:20,2026-03-01 00:05:38,10.11,1.0,clear
814de209-02c4-46a9-a01e-263c70d77674,Midtown,2026-03-01 00:05:50,2026-03-01 00:05:59,38.08,1.6,snow
e41d099d-a52d-4df4-929e-d649c5cf1607,NorthYork,2026-03-01 00:07:05,2026-03-01 00:07:45,26.61,1.6,snow
2cf022bf-c83b-49a3-9b81-c67868e765cc,NorthYork,2026-03-01 00:07:02,2026-03-01 00:07:55,10.0,1.0,clear
fd12f7f2-f1b3-4ff1-a320-0effac3fcf24,NorthYork,2026-03-01 00:08:58,2026-03-01 00:09:54,36.52,1.6,snow
023f1081-4e6f-4c78-a8bc-2ffe5e26b943,Waterfront,2026-03-01 00:07:51,2026-03-01 00:10:32,19.84,1.0,clear
c82f3f0d-1718-4b28-8101-17908ebfc635,Waterfront,2026-03-01 00:10:57,2026-03-01 00:10:58,23.75,1.0,clear
01ea8234-5d04-4c44-8092-c15483b096ac,Scarborough,2026-03-01 00:11:26,2026-03-01 00:11:37,22.48,1.3,rain
9e6068bb-f973-4727-92a2-51f4b5e13ae0,Airport,2026-03-01 00:11:37,2026-03-01 00:11:50,10.09,1.0,clear
75e637d3-9f7c-4df8-bc82-3c117fa2fa6d,Scarborough,2026-03-01 00:12:41,2026-03-01 00:12:49,12.85,1.3,rain
24c3bad2-5044-4119-8724-718d98964541,Airport,2026-03-01 00:03:41,2026-03-01 00:12:58,31.48,1.6,snow
068c71a6-1ff3-4ad7-9584-fe0b1270be85,UnionStation,2026-03-01 00:13:12,2026-03-01 00:13:21,31.48,1.3,rain
18809924-7a3a-4b12-be11-31d10c3ebb91,Yorkdale,2026-03-01 00:13:52,2026-03-01 00:14:01,10.59,1.3,rain
5ed469f0-ff81-4c4a-bde3-3085274075f7,Scarborough,2026-03-01 00:14:14,2026-03-01 00:14:18,20.8,1.3,rain
abcb03e0-8fe6-4967-982d-c4ceb18515cb,Midtown,2026-03-01 00:14:23,2026-03-01 00:14:28,17.94,1.3,rain
4cc6966c-cd04-467a-af11-d445180673fb,Waterfront,2026-03-01 00:14:11,2026-03-01 00:14:59,12.72,1.0,clear
e18f63d4-5b3d-41bc-a315-5e2552a389e8,Airport,2026-03-01 00:15:46,2026-03-01 00:16:01,23.0,1.0,clear
1c046f11-1223-451d-bdc4-e531e8c50f40,Yorkdale,2026-03-01 00:15:32,2026-03-01 00:16:16,8.12,1.0,clear
37bfd7ed-e578-4b66-a12d-db23055b52be,Midtown,2026-03-01 00:17:55,2026-03-01 00:18:14,16.39,1.0,clear
63fc9aca-d6a6-400b-a8e8-de0f415886c8,Midtown,2026-03-01 00:16:47,2026-03-01 00:18:24,21.04,1.0,clear
e356a13e-6734-4b70-bb23-cbc85cf62e96,Yorkdale,2026-03-01 00:12:15,2026-03-01 00:19:32,23.49,1.0,clear
9526201a-07ac-4d63-8be1-3c83ad771f07,UofT,2026-03-01 00:19:26,2026-03-01 00:19:42,29.15,1.6,snow
9d33ef02-6fdc-4f32-962f-567198d629bd,Downtown,2026-03-01 00:20:17,2026-03-01 00:20:25,24.8,1.0,clear
d1d00096-d216-47ba-bec8-1f4ea13e87b9,UofT,2026-03-01 00:20:31,2026-03-01 00:20:53,17.1,1.6,snow
7fc40a88-f753-481b-b289-4261595afd60,UnionStation,2026-03-01 00:15:42,2026-03-01 00:21:31,15.46,1.3,rain
7e94a08c-8b6c-4729-8e89-ed1f8b6f52f1,Waterfront,2026-03-01 00:20:38,2026-03-01 00:21:32,18.96,1.0,clear
ccc1bd29-b85e-43a2-9c7b-728f0a690255,Scarborough,2026-03-01 00:20:57,2026-03-01 00:22:10,22.43,1.0,clear
ac591653-f52e-4def-81dc-e7c00c17fe4d,Airport,2026-03-01 00:21:43,2026-03-01 00:22:32,22.0,1.6,snow
e1f0c83a-5a1e-4a40-b1ac-9c15d97f92b7,Scarborough,2026-03-01 00:21:27,2026-03-01 00:24:29,16.0,1.0,clear
46ac3a5b-8e05-4028-98ad-2b32ae144468,UnionStation,2026-03-01 00:25:20,2026-03-01 00:25:52,16.32,1.0,clear
a5ad8fd5-f258-4165-a423-4ebd152c40d7,Waterfront,2026-03-01 00:26:42,2026-03-01 00:26:42,16.62,1.0,clear
e00e9c77-e6b6-44c8-be56-01ac627f4be1,NorthYork,2026-03-01 00:26:57,2026-03-01 00:27:12,20.32,1.0,clear
f93e296e-33b7-49bf-a3b5-8aa0ad95cdd6,Midtown,2026-03-01 00:26:50,2026-03-01 00:27:49,14.51,1.0,clear
c0890dc5-85a1-4707-9bb2-833c80931fd4,Scarborough,2026-03-01 00:26:21,2026-03-01 00:28:14,23.32,1.6,snow
83b11fc8-92ee-4ca5-86da-47c0754a62d6,UnionStation,2026-03-01 00:26:57,2026-03-01 00:28:53,22.21,1.0,clear
4c48f5b5-1613-49fb-8388-f2bae0704306,Yorkdale,2026-03-01 00:28:23,2026-03-01 00:29:07,18.91,1.0,clear
8d5d1d65-f604-4d53-a175-a0b700451539,Scarborough,2026-03-01 00:22:44,2026-03-01 00:30:19,11.0,1.0,clear
9c7f192d-fc7e-47d8-8070-52e9a656c59e,Waterfront,2026-03-01 00:31:22,2026-03-01 00:32:01,21.95,1.0,clear
145f4fb6-7297-49b5-8b14-7a6f91d9ea50,Scarborough,2026-03-01 00:31:23,2026-03-01 00:32:15,17.07,1.3,rain
31690b05-03a1-4aa2-97fd-6c132341399e,Downtown,2026-03-01 00:29:29,2026-03-01 00:32:18,27.55,1.6,snow
66525492-b8e1-4acd-9b4e-3c778f1fbf71,UnionStation,2026-03-01 00:32:14,2026-03-01 00:32:27,17.32,1.6,snow
9830f1ec-3825-4ec0-bb42-0826e2200c8f,Scarborough,2026-03-01 00:32:38,2026-03-01 00:33:08,19.68,1.3,rain
88a5fca4-0813-4501-8691-75971b151c39,UnionStation,2026-03-01 00:35:32,2026-03-01 00:36:20,20.3,1.0,clear
69e2cf88-7c27-461a-8334-5077b3c9b32c,Scarborough,2026-03-01 00:36:25,2026-03-01 00:37:02,30.24,1.3,rain
8008d8d8-ae5d-45f7-9573-2e01e3eee523,Yorkdale,2026-03-01 00:35:23,2026-03-01 00:37:04,24.32,1.0,clear
2b371c17-920d-4332-9b43-55291fe6398c,Etobicoke,2026-03-01 00:40:10,2026-03-01 00:40:28,8.74,1.0,clear
d1a1d805-2096-4d52-93b2-3f0bb2235418,Airport,2026-03-01 00:40:38,2026-03-01 00:41:30,21.43,1.3,rain
0e13358c-9555-4c05-8bae-c0e6f5067729,UnionStation,2026-03-01 00:40:46,2026-03-01 00:41:36,11.06,1.0,clear
3b37513c-168a-4c69-b8cd-7a7437f38519,NorthYork,2026-03-01 00:32:47,2026-03-01 00:42:14,32.99,1.6,snow
424c3c39-518e-42f6-aeff-e6b6bb0dd08a,Midtown,2026-03-01 00:41:46,2026-03-01 00:42:18,11.59,1.0,clear
f37ed92a-bd22-4fad-8674-dcff3778bc60,Etobicoke,2026-03-01 00:42:39,2026-03-01 00:44:23,21.0,1.3,rain
6b002bcf-efc8-4a23-b865-43a22845533a,UofT,2026-03-01 00:44:34,2026-03-01 00:45:10,14.42,1.0,clear
452fdebe-b61d-460d-a535-e017b34fc652,Waterfront,2026-03-01 00:46:12,2026-03-01 00:46:15,8.23,1.0,clear
f5356308-28f1-4bea-820e-b13cd63b5f80,UofT,2026-03-01 00:46:30,2026-03-01 00:47:22,16.54,1.3,rain
fb2eaa85-e542-4716-b330-a50a58283023,Downtown,2026-03-01 00:46:56,2026-03-01 00:47:43,13.18,1.0,clear
fe4da74d-2ca5-426e-b3f1-84ab9bcbfac7,UofT,2026-03-01 00:47:30,2026-03-01 00:48:16,23.52,1.3,rain
58d5c351-61ed-4a9f-a363-f3f8101f2967,NorthYork,2026-03-01 00:49:39,2026-03-01 00:49:53,15.21,1.0,clear
18b4a676-3207-4e2c-abb6-b13d1dc149dd,NorthYork,2026-03-01 00:51:08,2026-03-01 00:51:42,24.82,1.0,clear
40c9fc0a-cb3f-432e-a8d3-6ce3c815ec7f,NorthYork,2026-03-01 00:46:27,2026-03-01 00:51:52,24.8,1.0,clear
981a8a90-50f5-449f-8a17-9844f114d55a,Yorkdale,2026-03-01 00:51:44,2026-03-01 00:53:21,23.36,1.3,rain
9866223c-e9ce-4663-b4da-ec1496a4c7ff,Etobicoke,2026-03-01 00:56:00,2026-03-01 00:56:34,10.6,1.0,clear
7ca52642-d5a6-4797-9ed7-8f9421fcb10f,Etobicoke,2026-03-01 00:58:15,2026-03-01 00:58:20,14.36,1.0,clear
d2269f08-ca79-4960-b5c7-6156871a14db,Midtown,2026-03-01 00:58:45,2026-03-01 00:59:06,27.37,1.3,rain
5f8b8573-5f13-448c-89ef-1003772a2932,NorthYork,2026-03-01 01:01:06,2026-03-01 01:01:08,14.62,1.0,clear
0d692a6c-415e-4e03-9995-1b178862445c,Waterfront,2026-03-01 01:01:43,2026-03-01 01:01:58,24.05,1.0,clear
583d66e7-91d5-4add-9370-7d950b7e27c9,NorthYork,2026-03-01 01:04:00,2026-03-01 01:05:29,17.0,1.0,clear
d8ba46dd-35d8-4256-ac63-22671cdcd734,UnionStation,2026-03-01 01:00:17,2026-03-01 01:05:32,14.35,1.3,rain
1838c8d8-03a8-46b9-a247-3606f112a5f1,Midtown,2026-03-01 01:07:28,2026-03-01 01:07:43,12.17,1.0,clear
09d91008-bd73-4937-9498-30b35f82a814,Etobicoke,2026-03-01 01:07:42,2026-03-01 01:07:45,29.32,1.6,snow
a41acc6c-4a3f-4616-8b7c-a71a3d112165,Scarborough,2026-03-01 01:05:45,2026-03-01 01:07:48,13.19,1.0,clear
95c83358-1d52-424e-843c-dd8939eefd11,UnionStation,2026-03-01 01:08:42,2026-03-01 01:09:16,25.96,1.6,snow
1d80da3e-2158-4209-a4fb-853aaef9be86,Airport,2026-03-01 01:11:38,2026-03-01 01:11:42,10.02,1.0,clear
5bd69442-630a-4d6c-bbb7-be466d6e529d,NorthYork,2026-03-01 01:11:27,2026-03-01 01:12:03,19.87,1.0,clear
12081801-b02c-4a4c-bf3e-1e98285bbf0e,NorthYork,2026-03-01 01:11:25,2026-03-01 01:12:12,10.86,1.0,clear
792ebd4f-af87-4c5a-b16c-3c16bac8eb6b,Midtown,2026-03-01 01:03:58,2026-03-01 01:12:50,10.36,1.0,clear
c2cdd718-d383-4eb0-bb95-60252e50a5a9,Midtown,2026-03-01 01:06:45,2026-03-01 01:13:47,15.58,1.0,clear
85cf8d1f-470a-4b18-8dd2-297763336be7,Scarborough,2026-03-01 01:12:17,2026-03-01 01:15:04,29.0,1.6,snow
447d61f2-f4bf-4aeb-a829-247fb1fe5524,Waterfront,2026-03-01 01:11:12,2026-03-01 01:16:06,24.24,1.0,clear
3360a7d8-7950-453c-a5a6-a25875d2d65d,Airport,2026-03-01 01:15:51,2026-03-01 01:16:30,21.61,1.0,clear
87239805-d358-4a0d-a9f6-f428ecf0bb0b,Scarborough,2026-03-01 01:17:14,2026-03-01 01:17:19,29.07,1.6,snow
7c993002-a6fd-4d29-bbb5-def430ec4622,Airport,2026-03-01 01:17:15,2026-03-01 01:18:13,15.36,1.3,rain
42fe9daa-dae6-4b85-8660-b3584c9a49bf,Scarborough,2026-03-01 01:10:07,2026-03-01 01:19:14,11.59,1.0,clear
e98c0218-bf3c-4cd3-8a78-e4b153942dea,Airport,2026-03-01 01:19:58,2026-03-01 01:20:06,14.27,1.3,rain
96acda5c-7427-4700-af47-6ecc75f9b38d,Airport,2026-03-01 01:20:04,2026-03-01 01:21:50,16.03,1.0,clear
fc2a0653-e5ed-41a1-96d6-b47715f14e93,UnionStation,2026-03-01 01:23:34,2026-03-01 01:24:12,20.39,1.0,clear
46a8befb-597a-4d0b-b9c1-a29aa2ac8768,Airport,2026-03-01 01:24:07,2026-03-01 01:24:22,22.06,1.0,clear
04d30cb7-904b-4c43-8668-bc17c1bc48fc,Etobicoke,2026-03-01 01:24:47,2026-03-01 01:25:27,14.46,1.0,clear
9037cbe9-7590-4008-9179-ecadcf7b3477,UofT,2026-03-01 01:21:39,2026-03-01 01:26:55,17.66,1.0,clear
cd4a8283-03fc-4035-8605-a8d4977bb0b4,Scarborough,2026-03-01 01:27:10,2026-03-01 01:28:00,18.7,1.0,clear
ab94f1e1-fde0-4b7f-a3ed-ada70cb9efa8,UnionStation,2026-03-01 01:25:22,2026-03-01 01:28:03,13.9,1.0,clear
0fd925d3-5e5c-4313-af42-bef7cab44538,Downtown,2026-03-01 01:27:56,2026-03-01 01:28:11,35.63,1.6,snow
83d46109-f3d8-40cb-9f9e-09a6358d8b20,Waterfront,2026-03-01 01:28:54,2026-03-01 01:29:50,14.39,1.0,clear
46d237ce-003f-4c42-9650-2b21417c9fdf,UofT,2026-03-01 01:29:36,2026-03-01 01:30:06,30.53,1.6,snow
6ac77f6a-1912-4c50-bcc9-7922e18f00d1,UnionStation,2026-03-01 01:29:36,2026-03-01 01:30:34,38.81,1.6,snow
04eab574-32f8-4dc7-bd32-89aae9ce8fb5,NorthYork,2026-03-01 01:31:22,2026-03-01 01:31:37,23.28,1.0,clear
02b60088-34d1-408e-8014-3f4c30d06319,Airport,2026-03-01 01:32:09,2026-03-01 01:32:32,16.18,1.0,clear
248f66db-8a4f-4136-9c1c-6246d279fc1f,Yorkdale,2026-03-01 01:34:41,2026-03-01 01:35:24,17.02,1.0,clear
57d65ae4-a736-489c-9f3f-c36b34e9f621,UofT,2026-03-01 01:34:55,2026-03-01 01:35:35,9.34,1.0,clear
4a635c0c-5851-4d86-a4d6-991257a8d801,Midtown,2026-03-01 01:35:23,2026-03-01 01:35:41,16.45,1.3,rain
11cb51f1-3fe0-4241-aa66-3007e0ec257d,Airport,2026-03-01 01:31:41,2026-03-01 01:36:01,22.8,1.0,clear
7810c057-ef32-4c5f-b7bd-fce98fd3c5fa,Downtown,2026-03-01 01:31:15,2026-03-01 01:36:51,17.13,1.0,clear
2b351317-d227-412a-83bf-88206bdfe8ac,Downtown,2026-03-01 01:36:18,2026-03-01 01:37:05,18.83,1.0,clear
a016c15d-375b-4bc3-afff-002063942453,Downtown,2026-03-01 01:38:58,2026-03-01 01:39:07,21.67,1.0,clear
215d11d4-3486-41a9-83ef-b8ef21d33a0f,Airport,2026-03-01 01:38:30,2026-03-01 01:39:16,15.02,1.0,clear
07b61ce5-53f7-4e39-bb76-549d5f462a7e,Scarborough,2026-03-01 01:39:22,2026-03-01 01:39:40,8.19,1.0,clear
cf7cd9ac-6b56-41e6-a18b-adabfc6f6d53,Airport,2026-03-01 01:41:34,2026-03-01 01:41:40,20.28,1.0,clear
42d59c7f-5f2f-4ccd-88f9-276befb8973d,Waterfront,2026-03-01 01:36:28,2026-03-01 01:41:52,20.71,1.0,clear
cedd199e-25d7-4c01-af35-51af1fa4772e,Yorkdale,2026-03-01 01:41:34,2026-03-01 01:42:06,15.78,1.0,clear
a00e0fa1-27c6-4f36-926f-de185d192240,UnionStation,2026-03-01 01:40:47,2026-03-01 01:43:08,8.38,1.0,clear
f56cbf57-4be7-4dad-8715-d74d7f6462d8,Midtown,2026-03-01 01:44:18,2026-03-01 01:45:15,15.77,1.0,clear
4d2e97e7-ed38-4bc3-9b4a-327a7176669d,UnionStation,2026-03-01 01:45:22,2026-03-01 01:46:06,10.1,1.0,clear
6d1c0f84-2ffc-4c2d-a74c-030e45a849a9,Downtown,2026-03-01 01:45:58,2026-03-01 01:46:11,9.16,1.0,clear
376df1de-72ce-47e9-a630-b3ff3f784d23,NorthYork,2026-03-01 01:44:51,2026-03-01 01:46:39,19.69,1.0,clear
cbd1cfe5-03b0-458f-b5bb-87ca1fff3314,Midtown,2026-03-01 01:46:20,2026-03-01 01:47:08,20.1,1.3,rain
c25ca70c-e108-4973-bcae-b1104e585d6e,UnionStation,2026-03-01 01:38:49,2026-03-01 01:47:11,31.39,1.3,rain
4240c461-dce6-469f-a031-979f262dd94a,Etobicoke,2026-03-01 01:37:36,2026-03-01 01:47:16,17.62,1.0,clear
5d0e738c-e52a-44dc-b6d1-14cae38e291d,NorthYork,2026-03-01 01:46:25,2026-03-01 01:47:48,16.74,1.0,clear
ed588bb3-4c04-4c20-826d-eb37971479ce,Yorkdale,2026-03-01 01:47:08,2026-03-01 01:47:59,27.54,1.3,rain
d467c72d-9410-4b80-aab3-400b01a9c2c8,Airport,2026-03-01 01:48:25,2026-03-01 01:48:53,12.8,1.0,clear
ada99eca-5bcd-40ca-b32e-c0917aff6a80,Midtown,2026-03-01 01:47:41,2026-03-01 01:49:17,23.03,1.0,clear
3054fa87-a607-4fd6-a09c-55d50ea94f86,Etobicoke,2026-03-01 01:51:12,2026-03-01 01:52:10,14.35,1.0,clear
96d444cd-aa88-4c4f-9c2f-eb6bfa25341f,Midtown,2026-03-01 01:52:32,2026-03-01 01:52:54,27.34,1.6,snow
02de8700-2d26-4228-8512-14df7cc438e8,Etobicoke,2026-03-01 01:52:05,2026-03-01 01:53:02,12.91,1.0,clear
4558679f-0128-47e7-80c7-8ed9ae514515,NorthYork,2026-03-01 01:52:50,2026-03-01 01:53:16,12.77,1.0,clear
e232a3ac-509e-4ee2-b4c8-ab7b2163b027,Midtown,2026-03-01 01:52:44,2026-03-01 01:53:28,23.77,1.0,clear
8010eda1-3f14-47d7-8ba8-9f63efedab5c,Midtown,2026-03-01 01:53:47,2026-03-01 01:53:57,30.02,1.6,snow
96539e85-82a7-420a-b170-fc27a0d79cae,Waterfront,2026-03-01 01:53:42,2026-03-01 01:55:42,21.67,1.0,clear
44124ffd-af9f-4896-8904-a7d5ff4795ae,Midtown,2026-03-01 01:58:08,2026-03-01 01:58:13,16.36,1.3,rain
dba925c0-685f-4ece-a314-99954db5f39c,Waterfront,2026-03-01 01:55:03,2026-03-01 01:58:38,24.68,1.0,clear
eeba3e19-1ad4-4651-933d-c5f89e98e96b,NorthYork,2026-03-01 01:58:14,2026-03-01 01:58:44,17.81,1.0,clear
17f65155-642b-49f8-ae4b-4794b52b8b18,Scarborough,2026-03-01 01:57:57,2026-03-01 01:58:55,26.02,1.6,snow
77a37c73-3135-44e5-8101-0154000fb33e,Midtown,2026-03-01 01:58:24,2026-03-01 01:59:12,20.86,1.0,clear
753da170-f705-4605-860f-6d84a72e045e,Yorkdale,2026-03-01 01:57:15,2026-03-01 01:59:19,9.21,1.0,clear
979b6c53-c64c-4fb9-85c8-79f238339eee,UnionStation,2026-03-01 01:57:31,2026-03-01 01:59:51,19.98,1.0,clear
87651ff5-5460-4dcc-99f8-61c2135f1273,UofT,2026-03-01 02:01:32,2026-03-01 02:02:01,15.77,1.0,clear
1eec0180-cffb-4160-add3-3ee1e20b5654,NorthYork,2026-03-01 02:02:35,2026-03-01 02:03:11,10.47,1.0,clear
f79f3299-d454-4ede-92ce-de4d4a85b70f,NorthYork,2026-03-01 02:02:25,2026-03-01 02:03:22,22.4,1.3,rain
2ba6e91f-c1c1-403f-970c-55ebeafd3d53,NorthYork,2026-03-01 01:54:09,2026-03-01 02:03:35,23.93,1.0,clear
f646a19c-7653-43c4-9b7c-78f772d31436,Midtown,2026-03-01 02:03:39,2026-03-01 02:03:48,24.72,1.0,clear
a475187c-87b8-4147-be42-dcec2db5c198,Downtown,2026-03-01 02:04:52,2026-03-01 02:04:55,23.63,1.0,clear
81d23d18-0ad0-423d-89fc-53036a57781f,Midtown,2026-03-01 02:02:08,2026-03-01 02:04:56,14.03,1.0,clear
fa8880f4-de38-4121-9a51-411bf2510a0e,Midtown,2026-03-01 02:05:12,2026-03-01 02:05:24,22.6,1.0,clear
c5899dcc-bb3b-4035-b47e-b1a9170e290d,Midtown,2026-03-01 01:59:26,2026-03-01 02:05:31,13.26,1.0,clear
09e33756-630d-4987-9d3e-3c65f2aa3903,Yorkdale,2026-03-01 02:04:01,2026-03-01 02:06:24,19.57,1.0,clear
b0ee38bf-2504-455f-8aee-1b1dc02f5aef,NorthYork,2026-03-01 02:07:47,2026-03-01 02:09:20,10.42,1.0,clear
5aea119f-781f-4464-b66a-3ef8c89b25a6,Yorkdale,2026-03-01 02:09:40,2026-03-01 02:10:25,18.15,1.0,clear
277586ec-8672-46a7-8586-5f23f25289d3,Waterfront,2026-03-01 02:09:44,2026-03-01 02:10:40,23.71,1.0,clear
2a0dfbce-53ae-4e65-a3ee-cc33ff7a6975,Waterfront,2026-03-01 02:03:18,2026-03-01 02:11:12,11.98,1.0,clear
373fb88d-af6e-46ce-8862-d3e315c1a429,Scarborough,2026-03-01 02:10:57,2026-03-01 02:11:38,14.03,1.0,clear
289721e2-a16c-4b4c-b609-8b7219073ea7,UnionStation,2026-03-01 02:12:57,2026-03-01 02:13:10,26.74,1.3,rain
b7e2cb02-8fe8-43a6-850f-af838462b775,NorthYork,2026-03-01 02:15:30,2026-03-01 02:16:43,8.55,1.0,clear
f5b9a9e0-83b7-4342-a022-a03b9d91781f,Downtown,2026-03-01 02:17:30,2026-03-01 02:17:51,28.85,1.3,rain
5d7b8d94-9b78-4a58-abe7-bd6ca6c2f17b,Midtown,2026-03-01 02:16:09,2026-03-01 02:18:46,23.37,1.0,clear
ac6bca8a-5735-47ef-8e5b-9ea11a231b3e,UofT,2026-03-01 02:19:21,2026-03-01 02:19:26,21.11,1.0,clear
c0cf8a29-14b3-4209-8927-b8be5abc6613,NorthYork,2026-03-01 02:19:31,2026-03-01 02:20:03,24.27,1.3,rain
247a4e9e-67ce-403e-b808-93cc8e97afd8,Scarborough,2026-03-01 02:18:25,2026-03-01 02:20:25,16.52,1.0,clear
2cbd8445-b672-4434-a7f4-a0187474c53f,Midtown,2026-03-01 02:20:44,2026-03-01 02:21:00,28.6,1.3,rain
f629b005-04bc-44d7-ae41-b4f1a68e2147,Airport,2026-03-01 02:18:42,2026-03-01 02:21:22,14.69,1.0,clear
b26ea446-ed5c-4813-aad8-f6cd0b4628c3,Midtown,2026-03-01 02:21:53,2026-03-01 02:22:04,13.66,1.3,rain
925559d9-5023-4a29-95d1-d2d5a74ad76c,Downtown,2026-03-01 02:20:37,2026-03-01 02:22:33,8.64,1.0,clear
4713141f-21f1-41db-a234-1070d904e67d,Etobicoke,2026-03-01 02:22:44,2026-03-01 02:22:53,18.7,1.0,clear
8dc3ee55-9f4d-437f-b5ca-8b1a5549a839,Scarborough,2026-03-01 02:21:21,2026-03-01 02:23:12,18.25,1.6,snow
a8fca8c5-cea8-48fe-b64b-0ded1cce23aa,Midtown,2026-03-01 02:23:21,2026-03-01 02:23:32,12.33,1.3,rain
0fee6b78-a082-4cb7-8d20-fdaa4298312b,Yorkdale,2026-03-01 02:25:45,2026-03-01 02:26:01,21.02,1.3,rain
2ff5d2d9-0512-44d4-beab-bdcf82357868,Yorkdale,2026-03-01 01:03:26,2026-03-01 02:26:04,18.54,1.0,clear
c7fc727e-7b7a-4cad-ac63-fff0e878d857,Midtown,2026-03-01 02:25:48,2026-03-01 02:26:11,39.79,1.6,snow
8952853d-729d-4e2d-8056-f23af54c85f2,Downtown,2026-03-01 02:18:38,2026-03-01 02:26:12,17.1,1.0,clear
0b9546d6-4d31-4cf9-8272-4bc4a7d15000,Yorkdale,2026-03-01 02:22:46,2026-03-01 02:27:42,10.17,1.0,clear
121db3f6-c429-4fd9-a848-efc359960001,UofT,2026-03-01 02:27:54,2026-03-01 02:28:11,21.45,1.0,clear
7f92b005-8fa3-40e3-9771-8949597fecf8,UnionStation,2026-03-01 02:26:23,2026-03-01 02:28:29,17.38,1.0,clear
ed88cc44-7e95-40fb-9888-21b52cdff341,Etobicoke,2026-03-01 02:27:49,2026-03-01 02:28:33,16.87,1.3,rain
d90e98da-718c-4740-9f25-4b59d4f4327e,Downtown,2026-03-01 02:28:26,2026-03-01 02:28:40,9.77,1.0,clear
91605e66-bb93-412a-a290-ce5b9bf9fedb,Airport,2026-03-01 02:28:56,2026-03-01 02:29:10,17.13,1.0,clear
401bdcfa-b38a-435b-b4ec-cee624423246,UofT,2026-03-01 02:29:02,2026-03-01 02:29:11,14.5,1.0,clear
0ce45263-2809-4f2e-882b-f6bf770a29bb,Scarborough,2026-03-01 02:28:33,2026-03-01 02:29:29,37.42,1.6,snow
ae5ee7ae-823c-448c-8c49-c0828cd4c433,UnionStation,2026-03-01 02:29:53,2026-03-01 02:30:45,23.56,1.0,clear
789f24af-2274-431c-90b9-a6100768dd3b,Scarborough,2026-03-01 02:24:18,2026-03-01 02:32:08,15.33,1.0,clear
2ab1f481-2b51-4e75-952a-4a296ae8ffac,Yorkdale,2026-03-01 02:33:49,2026-03-01 02:34:30,10.81,1.3,rain
76ac9f01-cbc0-43b7-b36e-0047cb53de0f,NorthYork,2026-03-01 02:33:45,2026-03-01 02:34:31,24.33,1.0,clear
97b3861b-c94f-4954-9c52-3beae9329d00,Airport,2026-03-01 02:33:08,2026-03-01 02:35:09,24.22,1.0,clear
9c9cbb83-b13c-4b5f-b27a-ce36ea11acd3,Airport,2026-03-01 02:31:11,2026-03-01 02:35:35,24.98,1.3,rain
6a253340-53dd-4d5c-aa23-c8bcb0af382b,Airport,2026-03-01 02:34:47,2026-03-01 02:35:46,11.64,1.0,clear
98621673-aaa4-4e38-b636-e8da809b5f30,UnionStation,2026-03-01 02:35:51,2026-03-01 02:36:36,13.33,1.0,clear
3b34b281-5b49-4902-9930-1154c8e33c49,Downtown,2026-03-01 02:38:28,2026-03-01 02:38:41,24.93,1.0,clear
8c5cd0de-3495-462f-b4cb-2a469463d43e,Midtown,2026-03-01 02:38:59,2026-03-01 02:39:29,26.41,1.3,rain
0314f5cc-458e-4626-8afb-f410b601c081,Midtown,2026-03-01 02:39:25,2026-03-01 02:39:54,19.38,1.0,clear
de9d8e2b-8309-4413-860a-a0b479c99ed0,UnionStation,2026-03-01 02:39:35,2026-03-01 02:40:33,13.66,1.0,clear
2092cc0e-2ea8-4ddd-a518-1c35d0e8aebd,Scarborough,2026-03-01 02:41:04,2026-03-01 02:41:44,10.42,1.0,clear
56661c5a-9f20-4e26-ad1e-e87784c0cddb,Airport,2026-03-01 02:43:21,2026-03-01 02:43:46,23.84,1.0,clear
e37718fc-679b-4775-b92f-4b76dd08413c,Yorkdale,2026-03-01 02:43:27,2026-03-01 02:44:19,25.48,1.3,rain
81cb3307-c11a-4fa8-9921-c4debc58990c,Etobicoke,2026-03-01 02:43:55,2026-03-01 02:44:33,24.2,1.0,clear
3a0762ee-d46e-4637-93d0-ab3257530e24,UofT,2026-03-01 02:44:40,2026-03-01 02:45:14,12.56,1.3,rain
a1b87d4e-b01b-4d1c-97ab-23912569c247,Downtown,2026-03-01 02:46:49,2026-03-01 02:46:58,27.59,1.3,rain
a4eae72d-bd6a-44bc-9ca1-1cb68a76dbbc,Midtown,2026-03-01 02:46:42,2026-03-01 02:47:10,23.13,1.0,clear
b6a3d448-4b25-4dab-b01e-59d9e3c7200f,UnionStation,2026-03-01 02:47:11,2026-03-01 02:47:24,14.97,1.0,clear
3a85e565-542f-4585-9d6d-c24f11c94984,NorthYork,2026-03-01 02:47:28,2026-03-01 02:47:40,15.36,1.0,clear
19e2abf6-1ed9-40fd-955a-ce40775eeccd,Downtown,2026-03-01 02:47:21,2026-03-01 02:47:59,12.8,1.0,clear
dc709764-3550-4eb4-8d40-1603ba010af3,Yorkdale,2026-03-01 02:47:57,2026-03-01 02:48:12,14.77,1.0,clear
83dfa77d-1486-4a91-9bf2-d58b96383fab,Scarborough,2026-03-01 02:48:02,2026-03-01 02:48:41,20.26,1.0,clear
e408da26-5f48-462e-a627-b8dcc5060422,UnionStation,2026-03-01 02:43:56,2026-03-01 02:49:11,25.22,1.6,snow
66f94e16-7c9c-4804-832a-7337df7c4c42,NorthYork,2026-03-01 02:48:34,2026-03-01 02:49:21,21.62,1.3,rain
a0325705-9beb-4f64-8d23-50e9d5f1304d,Airport,2026-03-01 02:49:21,2026-03-01 02:50:13,19.43,1.0,clear
f20ee985-ae05-4065-b3a5-e576d0de0888,Airport,2026-03-01 02:43:50,2026-03-01 02:50:57,21.99,1.6,snow
797b5f5d-e574-48b5-b140-8bd934409478,Airport,2026-03-01 02:44:32,2026-03-01 02:50:57,8.81,1.0,clear
d3ec7b60-020d-4b31-8dc7-bade2a172d82,Scarborough,2026-03-01 02:50:33,2026-03-01 02:50:58,18.0,1.0,clear
b7604a7f-2992-448f-a428-ae419e52d628,Scarborough,2026-03-01 02:41:50,2026-03-01 02:51:36,19.98,1.3,rain
a2c2f8bf-6b6f-4fe4-b142-6037c0c67961,Yorkdale,2026-03-01 02:52:04,2026-03-01 02:52:53,24.72,1.0,clear
98c6dbac-0564-4094-8ecf-d0ac295b3f02,UofT,2026-03-01 02:51:27,2026-03-01 02:53:14,24.29,1.0,clear
99ec3bf7-29f1-416b-b818-8a27b8fd1af6,Downtown,2026-03-01 02:53:33,2026-03-01 02:54:20,12.22,1.0,clear
2cb37505-3608-4a50-af8b-e280498ab81a,Midtown,2026-03-01 02:54:18,2026-03-01 02:54:41,16.54,1.3,rain
98ef3caa-14de-4891-8120-4e9a197bb3f1,Waterfront,2026-03-01 02:48:09,2026-03-01 02:56:07,18.1,1.0,clear
8c9b8ada-5d53-402a-84af-10df8b5e6289,NorthYork,2026-03-01 02:58:13,2026-03-01 02:58:30,16.26,1.0,clear
0679b596-b668-40c1-a1cb-87934adc217a,Airport,2026-03-01 02:58:50,2026-03-01 02:58:53,9.33,1.0,clear
cb7ccbf0-c907-4ac0-b204-2ef1eb16d472,UnionStation,2026-03-01 02:57:53,2026-03-01 02:59:13,14.39,1.0,clear
1b550296-11b7-4eb2-b440-979677bacb0c,UofT,2026-03-01 02:58:59,2026-03-01 02:59:56,27.75,1.3,rain
64ab80e7-3cf0-4f2a-b235-2c0a6c72e8b8,Airport,2026-03-01 03:00:03,2026-03-01 03:00:35,12.72,1.0,clear
2c20494f-fe6e-40ef-af9d-d328055bd09e,Etobicoke,2026-03-01 03:00:28,2026-03-01 03:00:45,20.4,1.0,clear
42a32a31-76be-4fa5-839d-fb2fd3d5a2a4,Scarborough,2026-03-01 03:00:31,2026-03-01 03:01:22,19.15,1.0,clear
c7752f0e-d186-46ca-b108-d9b24ee13973,Scarborough,2026-03-01 03:03:20,2026-03-01 03:03:43,23.31,1.0,clear
37a63f69-4287-47c4-a6b9-818d46df670c,Etobicoke,2026-03-01 02:59:05,2026-03-01 03:03:49,16.89,1.0,clear
d3f5e465-40f9-4551-9572-b195cb765c42,NorthYork,2026-03-01 03:03:33,2026-03-01 03:04:05,11.91,1.0,clear
1a95d372-8de9-47ed-96bd-1f07cefb76c4,Airport,2026-03-01 03:04:13,2026-03-01 03:04:41,12.21,1.0,clear
e939d7d0-a990-43ee-a9a3-b47b2ce3be01,Downtown,2026-03-01 03:04:34,2026-03-01 03:04:58,14.53,1.0,clear
cd4829a1-21af-4733-a6c0-ff91b32ecfc8,NorthYork,2026-03-01 03:04:46,2026-03-01 03:05:46,21.74,1.0,clear
1a4007d8-ffec-4ae3-a20d-b5ac77e2fb21,UnionStation,2026-03-01 03:05:33,2026-03-01 03:05:53,17.86,1.3,rain
14930661-e986-4f5b-a117-4375a864eb06,Midtown,2026-03-01 03:05:36,2026-03-01 03:07:15,23.17,1.0,clear
b7d8bd4b-6e63-484f-9f9e-8e17a6ea3963,Airport,2026-03-01 03:07:01,2026-03-01 03:07:51,38.73,1.6,snow
29b88486-a660-44b6-a9eb-59cc80331966,UnionStation,2026-03-01 03:07:33,2026-03-01 03:08:23,18.1,1.3,rain
62de9bf5-36fe-41db-b215-37187e42cc1f,Yorkdale,2026-03-01 03:08:04,2026-03-01 03:08:50,15.96,1.6,snow
b29a03d0-35d3-4f8c-a363-fa7e74a14832,Waterfront,2026-03-01 03:08:46,2026-03-01 03:10:13,21.03,1.0,clear
2a5ac99e-a6cb-4d1e-b798-65e9ad1c3d5d,UofT,2026-03-01 03:10:25,2026-03-01 03:10:29,10.89,1.0,clear
c9c0972a-bf26-4cda-8fd3-35344d52919c,Waterfront,2026-03-01 03:10:42,2026-03-01 03:10:43,17.43,1.0,clear
5b7242fa-e6f8-46c3-91be-471665d625a1,Yorkdale,2026-03-01 03:11:38,2026-03-01 03:11:42,30.48,1.6,snow
84083386-71c7-4653-823e-3452183a1224,Scarborough,2026-03-01 03:11:46,2026-03-01 03:12:05,17.35,1.0,clear
9dbd2685-2d91-4add-b570-e6285658b6ed,Etobicoke,2026-03-01 03:04:22,2026-03-01 03:12:14,22.9,1.0,clear
d01a4dd9-5ced-4be7-8a00-af2bb12388b0,Downtown,2026-03-01 03:13:13,2026-03-01 03:13:58,15.05,1.0,clear
8de20496-0e0d-4fe7-a1f7-9ecbfd936d4d,UnionStation,2026-03-01 03:14:25,2026-03-01 03:14:57,13.7,1.3,rain
e7bc7314-96f5-4869-a265-0b49af666fe2,UofT,2026-03-01 03:14:22,2026-03-01 03:15:00,8.85,1.0,clear
92aa931b-cf76-428b-a7ac-d0876301d42c,Downtown,2026-03-01 03:14:50,2026-03-01 03:15:31,18.99,1.3,rain
a69a8807-6e5d-4ae2-8efa-18d5b538f877,Scarborough,2026-03-01 03:15:46,2026-03-01 03:16:10,18.17,1.0,clear
b8621354-921a-4728-9a06-5800174743db,Yorkdale,2026-03-01 03:15:25,2026-03-01 03:16:21,23.52,1.0,clear
70b84274-04c6-47e2-9d39-6a8f9481f51f,UnionStation,2026-03-01 03:16:54,2026-03-01 03:16:57,24.06,1.0,clear
948458c1-a89f-47e9-a079-64ed2a8e1029,NorthYork,2026-03-01 03:17:28,2026-03-01 03:17:38,28.11,1.3,rain
63dcb08c-fca5-4512-8b71-bfc8a3387a97,NorthYork,2026-03-01 03:17:27,2026-03-01 03:17:40,10.77,1.0,clear
4646d60c-8c2d-424d-8b96-8a61cf948f31,Yorkdale,2026-03-01 03:17:15,2026-03-01 03:18:05,15.87,1.0,clear
4288f048-7f8f-40b9-a400-92efbb90655b,Downtown,2026-03-01 03:15:49,2026-03-01 03:18:08,9.76,1.0,clear
a4e2d959-6b4f-48e4-a406-29af0d830a36,Yorkdale,2026-03-01 03:18:33,2026-03-01 03:19:14,37.01,1.6,snow
a56565e8-3305-45e5-91c4-e99d76b174bb,Airport,2026-03-01 03:18:15,2026-03-01 03:19:14,15.22,1.3,rain
c2e29d69-358c-47d1-b86d-e16a01deca4f,Downtown,2026-03-01 03:19:55,2026-03-01 03:20:03,22.59,1.6,snow
3130a239-5e67-4c8d-bfd3-d5a2afb12151,Airport,2026-03-01 03:20:26,2026-03-01 03:20:45,15.71,1.0,clear
6bb91d0a-928a-4888-ae12-7eaf87811b6b,Airport,2026-03-01 03:21:17,2026-03-01 03:22:11,13.9,1.3,rain
1264a2ff-46c2-4dae-b3b9-9796b411d5a3,Yorkdale,2026-03-01 03:20:46,2026-03-01 03:23:27,20.48,1.0,clear
6416c512-6a38-4d5e-9f9d-35ffa4a280e0,Scarborough,2026-03-01 03:23:03,2026-03-01 03:23:32,12.92,1.3,rain
ab7255a5-4e47-43a5-939b-7abe1aedd7bd,Yorkdale,2026-03-01 03:20:57,2026-03-01 03:23:38,20.71,1.0,clear
45318bfb-2609-40ac-9c70-004812a40db4,Scarborough,2026-03-01 03:23:54,2026-03-01 03:23:57,19.3,1.0,clear
ce0a0a4c-0fed-46fb-ad12-15e872a49ce7,Midtown,2026-03-01 03:24:00,2026-03-01 03:24:02,21.71,1.0,clear
6ca68f88-ac67-4e15-bb0e-60eabcefb639,Yorkdale,2026-03-01 03:26:27,2026-03-01 03:27:21,17.53,1.3,rain
32a2d222-1449-4040-80bb-80057b708f4b,Etobicoke,2026-03-01 03:29:19,2026-03-01 03:29:37,14.8,1.0,clear
787b4732-2b85-46ab-826c-cdebe4a368cd,Yorkdale,2026-03-01 03:29:01,2026-03-01 03:29:41,16.63,1.0,clear
5e51fae3-9ad9-4c0c-8812-7d7261ed2677,Midtown,2026-03-01 03:30:52,2026-03-01 03:31:07,15.13,1.0,clear
2bc7c87e-ffa9-4036-ad5b-0f827425014f,Airport,2026-03-01 03:28:19,2026-03-01 03:31:12,18.55,1.6,snow
9bb557b4-8408-4fd4-80e1-17871bfbb64c,Midtown,2026-03-01 03:31:40,2026-03-01 03:32:13,8.82,1.0,clear
6d6a3073-55c2-4922-8ab8-5c1b8bfb1888,Midtown,2026-03-01 03:32:13,2026-03-01 03:32:59,11.76,1.0,clear
117dce82-ffcf-40ee-a82b-e4894776a91c,Downtown,2026-03-01 03:32:52,2026-03-01 03:33:02,15.14,1.0,clear
e0646f5c-7091-4da1-84b8-c988b697950c,Scarborough,2026-03-01 03:32:43,2026-03-01 03:34:02,9.72,1.0,clear
597076b2-f578-4ed6-b8a3-db94eb6d5bb1,UofT,2026-03-01 03:33:29,2026-03-01 03:34:17,13.71,1.0,clear
cf666454-2bea-4a98-8810-da353d6a31dc,UofT,2026-03-01 03:34:04,2026-03-01 03:34:50,17.49,1.0,clear
9db0221e-3465-4c8b-8627-8766165d0a3b,UofT,2026-03-01 03:28:59,2026-03-01 03:35:12,24.57,1.0,clear
ed1e6503-e8e7-4c3d-8646-e58178c651b3,Midtown,2026-03-01 03:35:34,2026-03-01 03:36:02,22.77,1.6,snow
83259735-2f99-4f75-b1e4-2f093f429a67,Airport,2026-03-01 03:36:59,2026-03-01 03:38:18,11.11,1.0,clear
3a1da7e4-26c9-480e-aa77-55ae25c45fdf,NorthYork,2026-03-01 03:38:33,2026-03-01 03:39:12,13.4,1.0,clear
34eeb2ca-9f13-487f-8f6c-8c691c3da930,Waterfront,2026-03-01 03:39:19,2026-03-01 03:40:05,9.13,1.0,clear
cac0f5b1-dec6-4d97-9769-3376082ff771,Midtown,2026-03-01 03:39:36,2026-03-01 03:40:10,11.05,1.0,clear
d26bfd4a-15d5-43fb-b187-e89a4d238c5e,Waterfront,2026-03-01 03:39:38,2026-03-01 03:40:19,24.62,1.0,clear
654ff41a-c228-40eb-8cb2-2863b36ec2ea,UofT,2026-03-01 03:39:33,2026-03-01 03:40:23,23.36,1.0,clear
efca2180-7f61-429c-b192-741f2a701b9c,Scarborough,2026-03-01 03:41:14,2026-03-01 03:41:26,15.72,1.0,clear
d4f1c9c7-8d4e-4462-a33c-a30741b3d683,Scarborough,2026-03-01 03:41:12,2026-03-01 03:42:11,14.96,1.0,clear
e6a5baf2-7ed4-444d-b6cd-5ea5ce1a8762,Etobicoke,2026-03-01 03:39:26,2026-03-01 03:42:18,20.1,1.0,clear
a1a0d771-3855-46b3-a754-6738a79bb033,Airport,2026-03-01 03:43:57,2026-03-01 03:43:58,8.72,1.0,clear
250b08aa-63a8-43ac-baec-ad02a9366339,Yorkdale,2026-03-01 03:44:47,2026-03-01 03:44:49,11.88,1.0,clear
ee977be8-6572-4884-87b9-d44ba6ca25ab,Airport,2026-03-01 03:45:08,2026-03-01 03:45:48,24.87,1.0,clear
3f789a78-edf5-4e23-9907-fdf73af78624,Yorkdale,2026-03-01 03:46:27,2026-03-01 03:46:48,13.35,1.3,rain
acab6286-f6f6-4090-8a85-0050e100e1c5,Scarborough,2026-03-01 03:44:33,2026-03-01 03:47:31,31.92,1.3,rain
cd667cac-73c2-4046-b0ab-9e0fe2b6b6ab,UnionStation,2026-03-01 03:48:03,2026-03-01 03:48:37,8.48,1.0,clear
2973cc91-1927-4e0e-a71d-9279561b0965,NorthYork,2026-03-01 03:47:02,2026-03-01 03:48:41,19.13,1.0,clear
74e9c6a3-0a24-4753-9172-d9aa063a7296,NorthYork,2026-03-01 03:47:01,2026-03-01 03:49:32,38.17,1.6,snow
d202ca77-6c6d-4d6f-bfe2-5d9d3901f7c9,Airport,2026-03-01 03:42:24,2026-03-01 03:50:31,14.19,1.3,rain
e4f3974c-6742-41fc-b603-45b4ca34cd72,Etobicoke,2026-03-01 03:50:33,2026-03-01 03:51:19,32.04,1.6,snow
725f403b-5f94-408e-9778-dfe3f72d012f,Midtown,2026-03-01 03:51:49,2026-03-01 03:52:21,9.63,1.0,clear
10843e90-9d88-4d10-94b4-dfa6d6db8929,UofT,2026-03-01 03:52:02,2026-03-01 03:52:51,21.6,1.6,snow
13a9cd91-ba7c-4b67-a49f-d12a08e91171,UnionStation,2026-03-01 03:52:34,2026-03-01 03:53:09,20.86,1.0,clear
87a903f8-a323-4df2-a562-ec169c8eb1d0,Yorkdale,2026-03-01 03:50:45,2026-03-01 03:53:37,29.57,1.3,rain
0cb99956-0db4-4767-b443-a1aad6536ed5,Scarborough,2026-03-01 03:51:42,2026-03-01 03:53:43,15.82,1.0,clear
7f885976-3d60-43ef-a13c-c7365aae1930,Etobicoke,2026-03-01 03:52:50,2026-03-01 03:53:48,15.9,1.0,clear
155ade24-3ee2-4473-9e5f-681e17a1a22f,Scarborough,2026-03-01 03:53:42,2026-03-01 03:54:07,21.47,1.0,clear
0eeadcbb-d704-4d06-9027-d7f244a0c039,Scarborough,2026-03-01 03:53:51,2026-03-01 03:54:46,17.61,1.0,clear
5aa1c846-8c38-4fa5-a950-400c271ff68f,Waterfront,2026-03-01 03:54:27,2026-03-01 03:54:53,19.77,1.3,rain
4d05dff6-e2f8-4ae7-846f-fc4a30368dd8,Etobicoke,2026-03-01 03:55:36,2026-03-01 03:55:37,24.22,1.0,clear
2ecb3f57-4a6b-4a68-90b4-79b185b101c3,UnionStation,2026-03-01 03:55:56,2026-03-01 03:58:51,18.08,1.0,clear
066053e4-0e26-4654-b3e6-8b800eb6ea31,Yorkdale,2026-03-01 03:58:42,2026-03-01 03:58:55,28.39,1.3,rain
8d9f6f23-38e8-45d0-824c-9491e15dad57,Yorkdale,2026-03-01 03:58:46,2026-03-01 03:59:30,32.22,1.3,rain
b4650149-0471-49b6-b244-3ff979ea28be,UnionStation,2026-03-01 03:59:27,2026-03-01 03:59:35,16.39,1.0,clear
3f00ef84-d6b7-4eb1-9a2c-2e4d5c5e3037,Waterfront,2026-03-01 03:59:31,2026-03-01 04:00:09,18.14,1.0,clear
fb5fbfa2-b977-4900-bdd0-45a7f29bdb17,Airport,2026-03-01 04:00:16,2026-03-01 04:00:37,18.88,1.0,clear
f46ee38b-8a80-4a7d-be2b-8521859757de,UofT,2026-03-01 03:58:13,2026-03-01 04:01:03,8.74,1.0,clear
fde02df7-8bbc-4176-b516-84e6455ec1d3,Yorkdale,2026-03-01 03:56:08,2026-03-01 04:02:20,17.79,1.0,clear
834757dc-abf5-4a37-aef4-4538fa4c994e,Downtown,2026-03-01 03:56:00,2026-03-01 04:02:31,20.45,1.0,clear
20dcf586-a8b1-49e5-a084-0a99fc167cbc,Waterfront,2026-03-01 04:01:55,2026-03-01 04:02:52,20.63,1.0,clear
8a96cd80-9f4f-4a98-9066-86cf6f70186d,Yorkdale,2026-03-01 04:03:41,2026-03-01 04:04:04,20.56,1.0,clear
18a5e9c1-a354-421f-b501-e531fc23a782,Waterfront,2026-03-01 04:04:11,2026-03-01 04:04:41,10.41,1.0,clear
48a7b303-befa-43bc-a5cb-22e8a72f9048,Scarborough,2026-03-01 04:06:30,2026-03-01 04:06:53,16.84,1.0,clear
ab266e1a-92ac-4132-8e12-db9661459d0f,UofT,2026-03-01 04:07:35,2026-03-01 04:08:28,11.58,1.0,clear
65bf0adf-fc91-4508-918d-be32c5fa3cba,Etobicoke,2026-03-01 04:08:57,2026-03-01 04:08:58,9.98,1.0,clear
ce816bc0-061c-44af-965f-e17ea9dc813d,Yorkdale,2026-03-01 04:08:58,2026-03-01 04:09:19,11.81,1.0,clear
63c45b29-10de-43be-b327-f71d867c29fd,NorthYork,2026-03-01 04:08:56,2026-03-01 04:09:34,16.97,1.0,clear
fc7094f0-2bde-4635-b558-2b0df73b6bfd,Downtown,2026-03-01 04:06:30,2026-03-01 04:09:38,23.99,1.3,rain
23cdec2a-59ef-44b4-8a5e-03d922289724,UnionStation,2026-03-01 04:02:19,2026-03-01 04:10:06,27.69,1.3,rain
b72c2abf-a50c-43dc-b8a4-6d4c9fbe7048,Airport,2026-03-01 04:10:14,2026-03-01 04:10:43,12.87,1.3,rain
8058814c-2308-4a04-9757-416b1fcf9d8d,UnionStation,2026-03-01 04:10:35,2026-03-01 04:10:50,22.96,1.0,clear
f9303af3-43c9-4033-a2cc-432d596ca864,UofT,2026-03-01 04:05:33,2026-03-01 04:10:57,11.82,1.0,clear
416ef58a-ef52-43d8-bfab-e36bed1703a4,Downtown,2026-03-01 04:11:37,2026-03-01 04:11:43,16.28,1.3,rain
6dd0ae44-1e67-47f5-bede-05295e6b97cb,NorthYork,2026-03-01 04:11:15,2026-03-01 04:11:45,30.92,1.6,snow
7380ff05-7dcf-4068-9986-c47d22a174de,Airport,2026-03-01 04:09:56,2026-03-01 04:11:48,19.9,1.3,rain
8e3f7156-9e22-4b50-adf2-a018a172ebcf,Downtown,2026-03-01 04:07:49,2026-03-01 04:11:49,21.84,1.3,rain
0a6b7c4f-b01c-4160-85f1-c068372dcca3,Airport,2026-03-01 04:11:52,2026-03-01 04:12:12,16.08,1.0,clear
20050e77-d86e-4e20-b162-1d76b9bfcfbf,Yorkdale,2026-03-01 04:13:38,2026-03-01 04:13:38,24.22,1.0,clear
69931ef2-ac55-4196-9dd0-37de183fc771,Downtown,2026-03-01 04:13:23,2026-03-01 04:14:23,16.1,1.0,clear
6a8bc35d-94d2-4ec4-b18c-aeed1d480553,NorthYork,2026-03-01 04:15:19,2026-03-01 04:15:24,22.29,1.0,clear
d9137dab-fdd5-476c-b2a2-c5f12f8a833b,Yorkdale,2026-03-01 04:13:18,2026-03-01 04:15:49,21.5,1.3,rain
038fb371-3460-4399-9e84-f2ecd423a494,Airport,2026-03-01 04:15:36,2026-03-01 04:16:20,34.92,1.6,snow
19ae975f-c40a-4d7d-afbe-91946c13dc2e,UofT,2026-03-01 04:16:16,2026-03-01 04:16:31,31.94,1.6,snow
e61d95a5-879b-4711-80a8-b13e4c28ad7e,Midtown,2026-03-01 04:18:11,2026-03-01 04:19:06,20.53,1.3,rain
8c83c8c9-dccf-4cc7-899c-ff2cf37313e7,UnionStation,2026-03-01 04:20:31,2026-03-01 04:21:07,13.56,1.0,clear
d72933ac-cbef-42a7-b304-c9ed8d4573fb,Midtown,2026-03-01 04:21:15,2026-03-01 04:21:15,17.68,1.0,clear
353b7a25-e4c4-40a8-a075-fd2ba3f8b551,Waterfront,2026-03-01 04:18:37,2026-03-01 04:21:29,20.36,1.0,clear
e70deee8-67dc-47cf-9e93-c08a30474c6e,Etobicoke,2026-03-01 04:21:44,2026-03-01 04:23:01,8.92,1.0,clear
0e7e1528-13f6-45e9-85b6-4ddac5f64d10,NorthYork,2026-03-01 04:17:00,2026-03-01 04:24:46,9.95,1.0,clear
c05abe84-51bf-4c22-9355-5f65afee8f32,Yorkdale,2026-03-01 04:24:46,2026-03-01 04:24:49,13.67,1.0,clear
a0780b48-fa9d-4475-b244-029c0878adf3,Airport,2026-03-01 04:22:40,2026-03-01 04:25:29,14.33,1.3,rain
3462e940-1913-4f92-924f-e6d5cd0ec102,UofT,2026-03-01 04:25:31,2026-03-01 04:25:47,23.12,1.0,clear
49f131e4-8d57-4c7a-a0d0-f819cff6a123,Airport,2026-03-01 04:25:53,2026-03-01 04:26:39,16.79,1.0,clear
43d88784-3a37-46e6-a169-f51eaaeaa8be,Midtown,2026-03-01 04:19:31,2026-03-01 04:28:05,19.7,1.0,clear
a23ff9b4-fad7-4023-892a-daeaa3e31f87,Downtown,2026-03-01 04:27:39,2026-03-01 04:28:31,17.37,1.6,snow
b2fa4a5f-938b-42f7-8028-fd8682243fa8,Airport,2026-03-01 04:23:32,2026-03-01 04:28:40,24.14,1.0,clear
96ed2e0c-2bc3-4b0c-94bb-3d4937d39f90,Downtown,2026-03-01 04:28:51,2026-03-01 04:29:47,22.44,1.3,rain
949262c5-f0b1-41a8-b652-1121ec18fb4e,Waterfront,2026-03-01 04:28:54,2026-03-01 04:29:49,15.26,1.6,snow
57ce37ca-5816-4a7c-b9b3-ad7068230bb1,Midtown,2026-03-01 04:28:10,2026-03-01 04:30:24,16.56,1.3,rain
de1c758b-ce56-46d3-b9b0-788ecdd33d1d,NorthYork,2026-03-01 04:31:00,2026-03-01 04:31:03,20.87,1.0,clear
6e37f43d-99cb-45d6-ad0d-240b3b0e7315,Downtown,2026-03-01 04:25:23,2026-03-01 04:31:06,21.06,1.0,clear
c77064f7-3b41-46e2-b9a6-b2cbf3f4e397,Midtown,2026-03-01 04:31:04,2026-03-01 04:31:15,17.71,1.6,snow
42816c0d-0c56-4003-bb7b-1ce37766cdbb,NorthYork,2026-03-01 04:29:42,2026-03-01 04:31:45,25.81,1.6,snow
9e458553-e269-4a1d-b628-92408678d0c4,UnionStation,2026-03-01 04:31:00,2026-03-01 04:31:50,20.88,1.0,clear
65e8367f-0c71-48c5-ae61-0738185b8b34,Etobicoke,2026-03-01 04:31:55,2026-03-01 04:32:11,18.08,1.6,snow
6ba1adca-2829-4a0d-8a8d-1fac1e1c6c24,UofT,2026-03-01 04:32:33,2026-03-01 04:32:34,15.56,1.0,clear
138c7af9-3fe9-4c76-9368-a7428e1c5f73,Airport,2026-03-01 04:26:37,2026-03-01 04:32:58,18.99,1.3,rain
5817fe22-a9fb-4e0e-b49b-8d076ba0eeaa,UofT,2026-03-01 04:25:06,2026-03-01 04:33:10,19.35,1.0,clear
2070ba61-eb86-4a56-b1d2-1b2abff8df81,Midtown,2026-03-01 04:33:09,2026-03-01 04:33:15,11.58,1.0,clear
f0505677-5073-4852-bef6-092e625564ad,UofT,2026-03-01 04:32:30,2026-03-01 04:33:23,15.04,1.0,clear
c8feec82-4163-442f-a7bc-ec403d511c32,Midtown,2026-03-01 04:33:21,2026-03-01 04:34:08,11.72,1.0,clear
989bd9a2-9c85-4d3c-9f9d-a9f8789d6b5d,NorthYork,2026-03-01 04:34:18,2026-03-01 04:34:31,9.43,1.0,clear
4f607aca-c24f-4d5e-b62b-286f3e8fbf3f,Airport,2026-03-01 04:35:15,2026-03-01 04:35:34,18.61,1.6,snow
909ae436-44ef-4dd4-9072-88c0bea440a0,UofT,2026-03-01 04:35:44,2026-03-01 04:36:00,24.11,1.0,clear
01f54001-4ef9-4fd0-8948-a91319aa799b,Airport,2026-03-01 04:31:14,2026-03-01 04:36:09,10.75,1.0,clear
25aaf127-56b5-465d-a845-5b336c808424,NorthYork,2026-03-01 04:36:31,2026-03-01 04:36:39,17.41,1.0,clear
0fa46a29-538d-40de-9ce7-4a6fdf35a2a2,Waterfront,2026-03-01 04:36:03,2026-03-01 04:37:50,8.9,1.0,clear
fb2ce6b6-2535-49b7-92d1-d7dcd8587239,Airport,2026-03-01 04:38:08,2026-03-01 04:38:22,13.57,1.0,clear
bff39f4f-d975-4882-9281-7b71316dca57,UofT,2026-03-01 04:39:44,2026-03-01 04:39:45,23.68,1.3,rain
838e2c37-bb4e-4ffb-9ca2-3ff92420376a,Downtown,2026-03-01 04:36:07,2026-03-01 04:40:14,25.65,1.3,rain
dd8705cf-f1e4-4210-aa68-e5b41aca5b3c,Waterfront,2026-03-01 04:41:10,2026-03-01 04:41:15,10.13,1.0,clear
7b6720da-aebc-406b-852b-e554774f625f,UnionStation,2026-03-01 04:40:27,2026-03-01 04:41:23,18.3,1.0,clear
10fd0295-b5a1-4e9f-bb3f-436c10bdf5ca,Waterfront,2026-03-01 04:40:49,2026-03-01 04:41:43,12.37,1.0,clear
75dab686-0dfc-4419-be1f-8087ecf2da31,UofT,2026-03-01 04:32:31,2026-03-01 04:42:23,15.7,1.0,clear
1ec896c3-a24a-41ce-8659-96d6e65539f8,UofT,2026-03-01 04:41:46,2026-03-01 04:42:29,24.18,1.0,clear
668cffaf-7e37-4bb8-9494-4165517788d4,Airport,2026-03-01 04:42:38,2026-03-01 04:42:40,25.75,1.3,rain
0c773ac3-8586-4c54-a868-41ce495b5fbc,Waterfront,2026-03-01 04:43:29,2026-03-01 04:43:31,12.77,1.3,rain
17ef04a3-e858-4ee8-8ef2-7b9f74385920,Scarborough,2026-03-01 04:45:03,2026-03-01 04:45:48,11.72,1.3,rain
e9941c0b-4044-4fdb-8f52-a5471046c4f1,NorthYork,2026-03-01 04:41:39,2026-03-01 04:46:16,9.03,1.0,clear
68fe7231-be3e-4cc9-b202-62ff0e9ae322,Midtown,2026-03-01 04:38:03,2026-03-01 04:46:18,19.51,1.0,clear
b12bf021-7ef1-4cb3-90ed-b316de9749c4,Etobicoke,2026-03-01 04:46:18,2026-03-01 04:46:59,23.61,1.0,clear
9a5cfcd5-fafa-41f3-802f-634482043921,Yorkdale,2026-03-01 04:44:42,2026-03-01 04:47:05,23.25,1.0,clear
36f8b99f-0916-4bbf-8aee-f3a777fccf15,Yorkdale,2026-03-01 04:45:02,2026-03-01 04:47:46,24.46,1.0,clear
f6ae433d-ed02-4f0c-9a5e-a9b7fc84be03,Etobicoke,2026-03-01 04:47:41,2026-03-01 04:47:48,9.65,1.0,clear
11a8ca32-0025-49e8-86b5-f272ef907fae,Midtown,2026-03-01 04:47:25,2026-03-01 04:47:56,8.21,1.0,clear
fba7fa27-53e8-4af3-8705-13d4e44af62c,UofT,2026-03-01 04:48:25,2026-03-01 04:48:37,20.54,1.0,clear
4256c063-040e-4c6b-ad35-376486b0f3fb,NorthYork,2026-03-01 04:46:35,2026-03-01 04:49:12,12.03,1.3,rain
05c3938a-bee4-47d8-8d07-c54591e8c1ea,Midtown,2026-03-01 04:47:54,2026-03-01 04:50:29,24.16,1.0,clear
b3f894b5-d844-471d-b701-ef10d319e6d8,Midtown,2026-03-01 04:47:51,2026-03-01 04:50:41,17.2,1.0,clear
8c79156f-dc56-4b99-b820-30a3f3f12b3f,Midtown,2026-03-01 04:49:55,2026-03-01 04:51:09,18.97,1.3,rain
d4d0d72f-4b52-442b-bb91-525d1ecc34c7,Midtown,2026-03-01 04:49:52,2026-03-01 04:52:18,22.08,1.0,clear
a323c73b-3f1d-403f-8969-e090fc5cb30e,NorthYork,2026-03-01 04:51:39,2026-03-01 04:53:04,22.06,1.0,clear
ee5a0f2d-42bf-41f7-988e-15a325667b04,Airport,2026-03-01 04:48:42,2026-03-01 04:53:06,22.13,1.3,rain
d4a13b6c-69d3-4499-821c-5831fec9371e,NorthYork,2026-03-01 04:53:21,2026-03-01 04:53:39,20.62,1.0,clear
4368b8c0-bf9f-42da-b71c-1c908aee280e,Airport,2026-03-01 04:52:55,2026-03-01 04:53:49,26.14,1.3,rain
d517e615-25d3-4199-8662-ba12c9ff85b0,UofT,2026-03-01 04:54:07,2026-03-01 04:54:44,17.4,1.0,clear
07ebd516-e6f4-4fed-b78a-327762f42920,UofT,2026-03-01 04:54:37,2026-03-01 04:55:12,14.72,1.0,clear
e1f24f95-4fc4-4b19-828c-f7fceccc5954,UnionStation,2026-03-01 04:54:35,2026-03-01 04:55:25,11.22,1.3,rain
26d3bf83-7999-40c1-81f5-4067d6e93d1f,UnionStation,2026-03-01 04:53:20,2026-03-01 04:55:35,22.01,1.0,clear
10b64e33-13fc-408d-81c9-c1fc1a0e82a1,UofT,2026-03-01 04:56:33,2026-03-01 04:56:54,23.16,1.0,clear
6b601fd3-79e0-4525-8d57-9efc40f842a0,Etobicoke,2026-03-01 04:56:11,2026-03-01 04:57:06,36.38,1.6,snow
c28a7e7d-cf25-4b3a-b432-8926adc1cd33,Scarborough,2026-03-01 04:58:08,2026-03-01 04:58:43,16.24,1.0,clear
cae65175-b702-4785-b6b1-37db3c939816,Airport,2026-03-01 04:59:34,2026-03-01 05:00:26,11.58,1.0,clear
b41d8c23-c0bc-40a3-bed6-25974a0e5eef,Scarborough,2026-03-01 05:00:29,2026-03-01 05:00:31,10.58,1.0,clear
40c57edd-d3b4-4426-b1d5-78d7e0c670c0,NorthYork,2026-03-01 05:01:42,2026-03-01 05:02:40,23.46,1.0,clear
5aee3ca3-1504-453f-9739-090818f890fd,Waterfront,2026-03-01 05:02:19,2026-03-01 05:03:05,24.24,1.0,clear
31e487ed-9b8c-49fc-9b2b-6747f942145d,UofT,2026-03-01 05:03:34,2026-03-01 05:03:43,16.75,1.0,clear
ae1afef5-a3ab-427b-ae03-6d9b83fb2211,Midtown,2026-03-01 05:03:22,2026-03-01 05:03:51,18.38,1.3,rain
6591f836-d4fe-49e7-b11c-44a380e0dba9,Downtown,2026-03-01 05:03:21,2026-03-01 05:04:13,12.75,1.0,clear
ed35e1f3-7683-42bb-8588-f8f6928be0c9,UnionStation,2026-03-01 05:01:36,2026-03-01 05:05:27,27.71,1.3,rain
dcf04ff1-729c-48a1-8088-465e5a6899a1,Airport,2026-03-01 05:05:04,2026-03-01 05:05:55,18.54,1.6,snow
96158d39-6122-4f35-8f4c-ca14073c5f1e,Midtown,2026-03-01 05:05:27,2026-03-01 05:06:13,12.22,1.0,clear
d5946e7d-7261-4307-9d92-764e731674f1,UnionStation,2026-03-01 05:05:51,2026-03-01 05:06:41,13.98,1.0,clear
e0092973-5892-46fb-9367-7fc808c4a6fe,NorthYork,2026-03-01 05:05:55,2026-03-01 05:06:48,30.81,1.3,rain
97957281-310c-4b28-955b-5e208c719be5,UnionStation,2026-03-01 05:05:22,2026-03-01 05:07:09,10.22,1.0,clear
2729b0a3-b436-421c-9544-c4e2300123c5,Etobicoke,2026-03-01 04:59:47,2026-03-01 05:07:25,12.24,1.0,clear
84069cbb-eaab-40d2-97b7-c552866a401b,Midtown,2026-03-01 05:07:26,2026-03-01 05:08:10,10.18,1.0,clear
1a337655-568d-4ba4-a78b-9e67f5e8cefe,Airport,2026-03-01 05:05:50,2026-03-01 05:08:38,20.37,1.0,clear
15706251-58a9-4895-95a5-a7098a7ac2e8,NorthYork,2026-03-01 05:04:24,2026-03-01 05:09:28,24.52,1.0,clear
4a1502b5-8c2c-4f5a-b9ed-aebbd99e8e2f,UnionStation,2026-03-01 05:08:37,2026-03-01 05:09:56,17.68,1.0,clear
d8a6f637-edc3-4b27-9df3-3770355b8952,Downtown,2026-03-01 05:09:50,2026-03-01 05:10:06,13.68,1.0,clear
ac72e8fe-4e92-41f6-82e7-0910e58d4526,Scarborough,2026-03-01 05:08:57,2026-03-01 05:10:07,10.19,1.0,clear
faf79c1b-d7d4-461c-9cd3-b1ce631bdd34,NorthYork,2026-03-01 05:09:50,2026-03-01 05:10:13,9.58,1.0,clear
ea146a3a-197f-44cd-be6f-dfa1a5f52072,Downtown,2026-03-01 05:10:07,2026-03-01 05:10:14,30.48,1.6,snow
349fb4dc-62b8-4468-a71b-d7785b5ed4c9,UnionStation,2026-03-01 05:09:26,2026-03-01 05:10:26,31.63,1.3,rain
cbb4f8b4-ff25-46de-8657-4b38a4d61dd5,UofT,2026-03-01 05:10:43,2026-03-01 05:10:54,12.4,1.3,rain
5ee88a2d-2826-4c39-9d82-db0c710613a8,Airport,2026-03-01 05:10:23,2026-03-01 05:11:19,25.45,1.6,snow
a98e0c6c-1597-42f3-a5b6-3f6acc324a28,Scarborough,2026-03-01 05:11:00,2026-03-01 05:11:27,21.29,1.0,clear
95e8ef07-0f7b-4872-a073-d5789ba6b7ce,UnionStation,2026-03-01 05:09:37,2026-03-01 05:12:28,13.07,1.0,clear
04705b2b-beea-43cf-8e8a-dc86ce1995f8,Yorkdale,2026-03-01 05:12:56,2026-03-01 05:12:57,10.41,1.0,clear
b540b19c-d6a0-4c20-8fb3-7bb0670768a0,Airport,2026-03-01 05:12:55,2026-03-01 05:13:07,24.92,1.0,clear
5a2201c3-0e84-4ebd-8142-f003e3a198c5,Downtown,2026-03-01 05:12:33,2026-03-01 05:13:14,13.69,1.0,clear
882a1e98-f355-489c-91e5-8abdf805d875,UnionStation,2026-03-01 05:10:43,2026-03-01 05:13:40,18.12,1.0,clear
cfeda075-b7e9-46ab-99da-af453695dca6,Downtown,2026-03-01 05:13:57,2026-03-01 05:14:18,14.34,1.0,clear
9bb65bf1-3439-4a61-bec9-cf657ee9a3da,UofT,2026-03-01 05:14:33,2026-03-01 05:14:59,9.44,1.0,clear
9330d8ca-bbe0-4c6b-b56f-f267af246358,Etobicoke,2026-03-01 05:14:54,2026-03-01 05:16:27,12.05,1.3,rain
9cb6858d-edb3-4756-81c6-619bba985b97,UofT,2026-03-01 05:15:58,2026-03-01 05:16:37,13.87,1.0,clear
c4b4ceac-5ebe-48f1-8d83-3dc732082069,NorthYork,2026-03-01 05:16:43,2026-03-01 05:17:02,22.1,1.0,clear
158121a1-c364-4de5-aaea-d8f2ba57a36f,Yorkdale,2026-03-01 05:17:05,2026-03-01 05:17:51,14.64,1.6,snow
79362e36-7337-4a9c-8942-59c526f01a32,Waterfront,2026-03-01 05:19:02,2026-03-01 05:19:47,19.83,1.0,clear
1b6cf02a-0a0c-444e-8d0c-8ed217e84759,UofT,2026-03-01 05:21:24,2026-03-01 05:22:06,24.43,1.0,clear
0a25eb00-f72e-4260-ac33-c87f0f0a1f2c,UnionStation,2026-03-01 05:14:04,2026-03-01 05:22:07,11.53,1.0,clear
5fcac5f0-8bdb-4166-a32e-3df3d25555a3,UofT,2026-03-01 05:22:11,2026-03-01 05:22:27,27.9,1.3,rain
dc4d771e-48d5-496d-a0be-b03edc8cd852,Yorkdale,2026-03-01 05:22:03,2026-03-01 05:22:47,18.18,1.0,clear
ae70e67b-b269-49c9-affe-df622a9eeaee,UofT,2026-03-01 05:21:45,2026-03-01 05:23:08,15.72,1.3,rain
1b50d8c7-26fe-41a5-9ae9-9dd27fe6f7b7,Yorkdale,2026-03-01 05:23:18,2026-03-01 05:23:51,24.48,1.3,rain
eccff618-59cc-448f-8e36-ff1227512410,UnionStation,2026-03-01 05:24:02,2026-03-01 05:24:22,18.76,1.0,clear
e2365a68-782f-468d-b632-887ddcd0ab82,Airport,2026-03-01 05:25:36,2026-03-01 05:25:44,17.9,1.0,clear
b31b6f93-d476-4c2b-a164-17e6c5c9cfe3,Scarborough,2026-03-01 05:24:32,2026-03-01 05:26:46,22.84,1.0,clear
1cc8eb3a-c449-4034-bad4-c5a93acf866a,UnionStation,2026-03-01 05:22:06,2026-03-01 05:26:54,17.5,1.6,snow
564f0441-1e05-4fb0-858d-e0706f8f223f,Etobicoke,2026-03-01 05:26:06,2026-03-01 05:26:56,16.07,1.0,clear
663747b1-7723-44fc-a6fc-1144d5518f63,UofT,2026-03-01 05:26:41,2026-03-01 05:27:38,19.72,1.3,rain
8f07c3c3-ad6d-4fea-a98d-9ae8250fa550,Midtown,2026-03-01 05:24:53,2026-03-01 05:29:07,8.65,1.0,clear
8b3023e7-256f-4092-9241-1ff4ff45f166,Downtown,2026-03-01 05:29:01,2026-03-01 05:30:35,18.18,1.0,clear
c7ff2a20-ed3a-4b4c-8a90-6bd77d0dc8d2,Etobicoke,2026-03-01 05:30:40,2026-03-01 05:30:46,22.62,1.0,clear
4542fa9f-15d3-4f1a-a407-4170b0068615,Scarborough,2026-03-01 05:30:44,2026-03-01 05:33:24,13.77,1.0,clear
2f45bcae-71a0-48a4-acfe-322568c00b92,Midtown,2026-03-01 05:33:48,2026-03-01 05:33:51,13.62,1.0,clear
f0faccb1-b7d8-4782-a841-5e5af001032d,Midtown,2026-03-01 05:34:30,2026-03-01 05:35:12,13.12,1.0,clear
ec57585f-9c1a-4fcf-806b-23ea2dc37a02,Downtown,2026-03-01 05:35:52,2026-03-01 05:36:03,8.64,1.0,clear
9ac4e219-6c5a-424f-86d5-37f5cf74beaa,Scarborough,2026-03-01 05:35:44,2026-03-01 05:36:09,23.53,1.0,clear
1b4f873a-cb6e-4678-8213-ad1f1a4b7e94,NorthYork,2026-03-01 05:38:06,2026-03-01 05:38:18,21.7,1.0,clear
dffcc246-541a-4d9c-8c60-09548697788d,UnionStation,2026-03-01 05:39:29,2026-03-01 05:39:51,13.34,1.0,clear
1e773ee9-1ff9-4bb0-a3e8-2dd0bacb7d70,Scarborough,2026-03-01 05:37:43,2026-03-01 05:40:01,21.36,1.0,clear
7e447820-38b1-4920-8f4e-ffe026fa6fc9,UofT,2026-03-01 05:40:13,2026-03-01 05:40:51,13.44,1.0,clear
cf98bde2-9fd5-41c9-b8bb-fd2263499832,Waterfront,2026-03-01 05:41:01,2026-03-01 05:41:20,12.25,1.0,clear
7b687e21-0abe-48e7-956f-a7c7015ca4e0,UofT,2026-03-01 05:40:31,2026-03-01 05:41:29,15.27,1.0,clear
67e1887e-7c9c-4dc8-92bf-afd5028c0b37,Downtown,2026-03-01 05:40:54,2026-03-01 05:41:39,39.34,1.6,snow
406c7a64-1cfc-4c00-9d0b-839c7ceec1a3,Yorkdale,2026-03-01 05:41:28,2026-03-01 05:41:43,24.03,1.0,clear
808f8222-278e-4747-9e4d-9d27c13d0460,Downtown,2026-03-01 05:41:57,2026-03-01 05:42:15,15.99,1.0,clear
81317871-4e7b-4903-8aa7-b2fb13266123,Airport,2026-03-01 05:42:37,2026-03-01 05:42:44,18.23,1.0,clear
e637ea39-54fe-48c3-8c60-0e3350e485fd,Airport,2026-03-01 05:40:08,2026-03-01 05:42:49,13.9,1.0,clear
ee682da2-1a38-4839-90d9-d89ece01bd35,Downtown,2026-03-01 05:42:58,2026-03-01 05:43:30,14.04,1.0,clear
01132655-fecd-4b40-8fd6-85c1a190ef16,Scarborough,2026-03-01 05:43:15,2026-03-01 05:45:54,30.57,1.6,snow
acc9c8a6-3efb-4494-9f8c-d7e0e7f4fbab,UofT,2026-03-01 05:46:06,2026-03-01 05:46:33,13.26,1.3,rain
097c0ac8-f2c2-4723-b061-18018a70cbd5,Waterfront,2026-03-01 05:46:28,2026-03-01 05:46:55,11.11,1.3,rain
82f009f6-d921-4496-b96c-13c5263ef2de,Yorkdale,2026-03-01 05:46:51,2026-03-01 05:47:34,17.99,1.0,clear
617050e5-8c39-4888-847c-529f51518e44,Downtown,2026-03-01 05:47:45,2026-03-01 05:48:07,15.18,1.0,clear
a8d5c61e-9828-41c3-aed9-de8d9d747f9a,UofT,2026-03-01 05:47:41,2026-03-01 05:48:30,22.28,1.0,clear
c3d60ac3-c39b-483d-b62d-5cf4e6103160,Midtown,2026-03-01 05:47:55,2026-03-01 05:48:38,8.12,1.0,clear
5232a0d8-3919-4c6a-b08f-81fec810df31,NorthYork,2026-03-01 05:48:07,2026-03-01 05:48:42,21.42,1.0,clear
59ee8375-fcab-4c17-98f2-99e5da0ba2d4,Scarborough,2026-03-01 05:50:02,2026-03-01 05:50:32,18.79,1.6,snow
bf210fc9-7dfe-447c-9431-f79a1db85e3c,UnionStation,2026-03-01 05:48:42,2026-03-01 05:51:39,12.53,1.0,clear
07b1dd37-4ecd-4fc2-b7b8-996b269fc24e,Waterfront,2026-03-01 05:51:56,2026-03-01 05:52:50,19.21,1.0,clear
82118faf-9be0-4950-8baa-70c38d8f380f,Waterfront,2026-03-01 05:52:11,2026-03-01 05:52:56,23.05,1.0,clear
534c38a1-8b2e-44f5-993c-9b37dcf99ee5,Waterfront,2026-03-01 05:52:30,2026-03-01 05:53:04,12.62,1.3,rain
b7529769-9575-4d0c-a0c3-e7a47389aebb,Airport,2026-03-01 05:52:37,2026-03-01 05:53:30,9.53,1.0,clear
f6daebd8-9aad-447e-89d0-766d1e966385,Waterfront,2026-03-01 05:44:04,2026-03-01 05:53:49,15.36,1.3,rain
e29dfb3f-eae6-492c-8384-d286af68f2ac,Yorkdale,2026-03-01 05:53:57,2026-03-01 05:54:09,19.34,1.0,clear
ab4d1b46-03a0-49e3-a136-5aa4659924df,NorthYork,2026-03-01 05:55:13,2026-03-01 05:55:15,21.6,1.0,clear
79915fe8-71ed-4d89-b1e5-5519c2f25ed9,Scarborough,2026-03-01 05:55:19,2026-03-01 05:55:23,19.93,1.0,clear
02cb0d0d-6ad0-43cb-90a0-d57099971ffe,Etobicoke,2026-03-01 05:55:05,2026-03-01 05:55:56,10.24,1.0,clear
a5776b7c-143c-46ec-a625-248f410b9e17,Etobicoke,2026-03-01 05:56:40,2026-03-01 05:56:55,16.21,1.3,rain
a2c2cdee-9430-4acd-93f5-36ecfb066cb0,UnionStation,2026-03-01 05:56:08,2026-03-01 05:57:05,11.76,1.0,clear
a851bdb2-a58e-4887-89d9-a2de86eb8a13,UofT,2026-03-01 05:57:17,2026-03-01 05:58:02,8.69,1.0,clear
6e43fa69-874c-43bc-93a8-ab1f8a4fec67,UnionStation,2026-03-01 05:58:15,2026-03-01 05:59:00,18.78,1.0,clear
58fcd63a-3c19-4c78-979a-15b587905957,Midtown,2026-03-01 05:59:02,2026-03-01 05:59:31,10.72,1.0,clear
3e929d33-8770-4cb8-8c1b-175b15ed036f,Etobicoke,2026-03-01 05:58:58,2026-03-01 05:59:55,19.22,1.0,clear
96fd36b7-5059-4728-b014-905563991b9a,Scarborough,2026-03-01 05:51:19,2026-03-01 06:01:15,12.9,1.0,clear
8cfd9051-1354-497d-80c4-e6791f5a1b1c,Etobicoke,2026-03-01 06:02:14,2026-03-01 06:03:10,16.51,1.0,clear
0d603dc0-95b6-4b19-810b-072e69e2a268,Waterfront,2026-03-01 06:02:51,2026-03-01 06:03:46,31.7,1.3,rain
16355998-1017-4249-be5a-e29d504d38b5,UofT,2026-03-01 06:00:03,2026-03-01 06:04:13,12.12,1.3,rain
c235feab-0aa7-4fb8-ad5a-12cd2d5770a6,UnionStation,2026-03-01 06:04:19,2026-03-01 06:04:25,20.09,1.0,clear
6cc410b3-9d70-4ea3-9ade-38921c31a372,UnionStation,2026-03-01 06:01:19,2026-03-01 06:04:44,15.72,1.3,rain
781f5ee9-a4c5-41cc-86de-8310b4c69460,UnionStation,2026-03-01 06:04:20,2026-03-01 06:05:33,24.69,1.0,clear
22e01352-8868-4107-b67f-762f27a512db,Downtown,2026-03-01 06:04:55,2026-03-01 06:05:35,21.87,1.0,clear
bb8e3f4f-a570-4077-9e64-d7d283608d18,Airport,2026-03-01 05:58:19,2026-03-01 06:05:47,23.07,1.0,clear
0b92a0cf-ce10-44a9-b7be-47d38fff393c,Downtown,2026-03-01 06:05:39,2026-03-01 06:06:22,12.65,1.0,clear
bdeaf11e-b1fc-4e37-b395-c308d8141ac0,Downtown,2026-03-01 06:07:29,2026-03-01 06:08:01,11.05,1.0,clear
88948e1a-ab81-47a4-ac35-7fd53cfa1de7,Downtown,2026-03-01 06:08:23,2026-03-01 06:08:40,20.11,1.0,clear
9472c404-115a-453c-bdbd-acd60344b063,Downtown,2026-03-01 06:08:51,2026-03-01 06:09:42,24.32,1.0,clear
73802f3f-af53-4db3-bd23-67b4177f7662,UnionStation,2026-03-01 06:09:09,2026-03-01 06:09:58,14.38,1.0,clear
d99463c7-9498-488e-90c0-08d13de2ef82,Downtown,2026-03-01 06:10:14,2026-03-01 06:10:31,24.59,1.0,clear
78922d2a-ced3-4a27-a156-58190fa5c1f5,Downtown,2026-03-01 06:12:41,2026-03-01 06:13:11,22.63,1.0,clear
44e5ea61-59bb-4ccb-bb94-47b819f64c6b,Yorkdale,2026-03-01 06:11:13,2026-03-01 06:13:15,15.15,1.6,snow
67b11f65-a407-46ab-902a-663a30a1d2f6,Yorkdale,2026-03-01 06:12:52,2026-03-01 06:13:31,9.94,1.0,clear
eac2ccc8-61bf-4ca2-bee4-49e783516c6e,NorthYork,2026-03-01 06:13:07,2026-03-01 06:13:32,23.1,1.3,rain
fd579abd-04e0-402d-8537-7122e1044741,Scarborough,2026-03-01 06:13:18,2026-03-01 06:14:07,10.76,1.0,clear
566fa12b-191e-4ea0-afed-2601eac1878e,UnionStation,2026-03-01 06:16:19,2026-03-01 06:16:59,24.56,1.0,clear
a885e241-c925-4321-8959-1813cb1a6df9,NorthYork,2026-03-01 06:16:53,2026-03-01 06:17:00,15.11,1.6,snow
6b842fd0-6f4c-4ac6-88ba-b5e93ebc453a,Waterfront,2026-03-01 06:19:28,2026-03-01 06:20:26,21.71,1.0,clear
6168b0a7-e18a-49fc-b422-67b4431a97ec,Yorkdale,2026-03-01 06:19:00,2026-03-01 06:21:03,11.01,1.0,clear
0b5b387d-7a1f-4a90-a440-0984220528fa,UnionStation,2026-03-01 06:21:11,2026-03-01 06:22:01,10.24,1.0,clear
8dd8f328-5039-4d3b-a7bd-28a8de261736,Airport,2026-03-01 06:22:52,2026-03-01 06:23:13,26.08,1.3,rain
283eaa5b-b35d-4272-b40d-70051fbe8b06,Midtown,2026-03-01 06:22:37,2026-03-01 06:23:44,23.91,1.6,snow
ac534f34-7b06-4a14-a224-05a98c44beb5,Downtown,2026-03-01 06:24:00,2026-03-01 06:24:47,34.23,1.6,snow
97fae7ab-de5a-4085-a3bc-de25d456919c,Downtown,2026-03-01 06:24:26,2026-03-01 06:25:23,34.08,1.6,snow
9a7b6146-2a39-468e-a9de-b74e205bd5a9,NorthYork,2026-03-01 06:23:09,2026-03-01 06:25:59,21.12,1.3,rain
04d2b181-a9cc-4850-9f3a-98d4a54f5a45,Waterfront,2026-03-01 06:26:27,2026-03-01 06:26:30,8.95,1.0,clear
a5666f63-dfc6-475c-bd8b-2260b397697f,Downtown,2026-03-01 06:28:03,2026-03-01 06:28:07,21.2,1.3,rain
557c0647-4715-4b8e-a921-a8372d962ec4,Etobicoke,2026-03-01 06:28:15,2026-03-01 06:28:30,9.18,1.0,clear
313b1277-9e62-4eb0-9649-8c07a7ad7c38,UofT,2026-03-01 06:26:23,2026-03-01 06:29:14,21.66,1.0,clear
e081eab1-2cad-4a61-ac3e-61ddf433a807,Midtown,2026-03-01 06:28:42,2026-03-01 06:29:35,15.18,1.3,rain
edf8b73a-4bc8-42f3-9ab0-db9bc99147b1,Airport,2026-03-01 06:29:52,2026-03-01 06:29:52,20.37,1.0,clear
1ceca5d7-09a7-4093-89db-94fc33989752,UofT,2026-03-01 06:22:53,2026-03-01 06:30:18,22.46,1.0,clear
e6ac366a-6f3d-49d7-b51c-f98a4988d978,Etobicoke,2026-03-01 06:28:01,2026-03-01 06:30:24,22.11,1.0,clear
73533951-6d02-4b04-87f8-bd938751aa99,Waterfront,2026-03-01 06:29:45,2026-03-01 06:30:41,15.32,1.0,clear
39e76eab-a34f-417c-bab6-596575b53945,Etobicoke,2026-03-01 06:22:35,2026-03-01 06:31:18,24.53,1.0,clear
d9eb31b1-9ce1-4d5c-ba47-d2b78e903308,UnionStation,2026-03-01 06:31:36,2026-03-01 06:32:09,16.85,1.6,snow
0b463bc0-2138-4376-af45-b94f7c1efb2a,Airport,2026-03-01 06:30:48,2026-03-01 06:33:01,26.89,1.3,rain
a026cb69-586d-41e2-9d99-1f98a840bcdc,Yorkdale,2026-03-01 06:33:00,2026-03-01 06:33:01,24.65,1.0,clear
49e72a11-6bd4-4d71-87e3-056ec5d2c5e2,Waterfront,2026-03-01 06:33:20,2026-03-01 06:33:35,22.8,1.0,clear
17f2459b-c420-4b24-9f92-0e7d654b6f70,Etobicoke,2026-03-01 06:32:56,2026-03-01 06:34:00,14.58,1.0,clear
b361dddd-9660-4ab2-88e0-de7da4ac1000,Etobicoke,2026-03-01 06:34:19,2026-03-01 06:34:26,13.4,1.0,clear
871002e1-8618-4c54-b4e3-13b939a2440b,Airport,2026-03-01 06:34:12,2026-03-01 06:34:31,9.36,1.0,clear
c3353a4f-8d09-454e-9cbe-d952575f95eb,Yorkdale,2026-03-01 06:35:03,2026-03-01 06:35:26,26.34,1.3,rain
7c78163e-ab14-4153-a8e3-f69d990e1b20,Yorkdale,2026-03-01 06:32:58,2026-03-01 06:35:30,19.66,1.0,clear
ddbe7c7a-239e-41c0-82ac-932a862db05d,Scarborough,2026-03-01 06:34:41,2026-03-01 06:36:32,22.59,1.3,rain
f5afc0cc-1c49-4dd4-b335-40b785f4a49c,Scarborough,2026-03-01 06:36:44,2026-03-01 06:36:57,27.78,1.3,rain
52cd907d-e59f-443d-9ad6-f1ce589e59c6,Waterfront,2026-03-01 06:38:11,2026-03-01 06:38:31,13.96,1.3,rain
a777f674-1aaf-4892-80a0-3d38d01d1f24,UofT,2026-03-01 06:38:30,2026-03-01 06:38:56,25.84,1.3,rain
e0a6fa36-628b-450a-aefb-75a54913333d,Midtown,2026-03-01 06:39:01,2026-03-01 06:39:21,15.11,1.3,rain
8148db8f-8ffc-444f-aca3-cf21dab6f276,Scarborough,2026-03-01 06:39:55,2026-03-01 06:41:34,14.04,1.0,clear
dc2302e1-abfd-4cb4-8a04-347f6009b611,Airport,2026-03-01 06:42:03,2026-03-01 06:43:12,27.05,1.6,snow
ce3063ba-4a48-4d08-96ec-90ad41cd7c1d,Midtown,2026-03-01 06:43:15,2026-03-01 06:43:58,12.39,1.3,rain
fd2af474-8801-46bd-9c8e-b00a983deae2,Downtown,2026-03-01 06:43:35,2026-03-01 06:44:14,24.03,1.3,rain
c6358614-527b-4d22-8e07-2ab7c0f6bff7,Midtown,2026-03-01 06:39:04,2026-03-01 06:44:20,11.02,1.0,clear
9bb47fd2-388c-4935-a164-d044951ed450,Waterfront,2026-03-01 06:43:43,2026-03-01 06:45:52,14.17,1.3,rain
83d5dd1f-ba76-4f1e-b234-11b611d5acf2,Etobicoke,2026-03-01 06:46:40,2026-03-01 06:47:13,15.32,1.0,clear
d25ac84a-59fd-41b8-a148-c6964e623b70,Waterfront,2026-03-01 06:47:11,2026-03-01 06:47:47,16.54,1.0,clear
4468c2a1-b252-45d1-a13b-03c4d4933a6f,UofT,2026-03-01 06:47:35,2026-03-01 06:47:52,15.91,1.0,clear
94503682-b543-4a67-a95f-dd6cfd396297,NorthYork,2026-03-01 06:42:31,2026-03-01 06:47:52,18.86,1.0,clear
70edd3d0-e81a-4c43-b559-4d53953c3e8b,Waterfront,2026-03-01 06:48:18,2026-03-01 06:48:39,19.24,1.0,clear
3770afe8-5024-4372-8bb4-357b7545f7a4,Etobicoke,2026-03-01 06:50:21,2026-03-01 06:50:56,15.03,1.3,rain
d67b0fd9-762b-4bba-bc6e-aea1fed78ba9,Waterfront,2026-03-01 06:50:51,2026-03-01 06:51:04,24.28,1.0,clear
87bd5794-fd01-4b96-86ec-53d68936bc0f,UofT,2026-03-01 06:51:12,2026-03-01 06:51:26,16.34,1.0,clear
20a32015-f98f-4075-b166-cc48e8e85790,Downtown,2026-03-01 06:51:10,2026-03-01 06:51:50,19.05,1.0,clear
facfb370-4400-400e-98d0-f922484b6ff9,Yorkdale,2026-03-01 06:54:04,2026-03-01 06:54:18,14.72,1.0,clear
e2d6bfb5-f9fe-4e2e-bef5-1dd115118c24,Waterfront,2026-03-01 06:53:53,2026-03-01 06:54:24,20.24,1.0,clear
6e34b8aa-6a66-4379-9ebb-050592f76a0d,Midtown,2026-03-01 06:54:16,2026-03-01 06:54:56,13.41,1.0,clear
14d65162-5f5d-4164-bbee-cc594067facc,Yorkdale,2026-03-01 06:54:34,2026-03-01 06:55:29,13.5,1.0,clear
fd3f67a8-cc7e-433b-ab0b-fd06420edc8b,Midtown,2026-03-01 06:56:00,2026-03-01 06:56:21,12.05,1.3,rain
86cf8567-07bb-4c86-8fc4-a4ad5fb9a12a,Airport,2026-03-01 06:55:31,2026-03-01 06:56:26,11.12,1.0,clear
a0f1f077-3d70-4884-9da2-9a03b8755f26,UofT,2026-03-01 06:55:25,2026-03-01 06:56:51,26.65,1.3,rain
45e3746c-01e7-4596-802f-2dfb40f8c600,Downtown,2026-03-01 06:56:46,2026-03-01 06:57:12,10.57,1.0,clear
d8bce90c-2e0b-4cad-8e7c-5961c7b8a5d2,Yorkdale,2026-03-01 06:56:23,2026-03-01 06:57:13,22.69,1.0,clear
14eab0f6-b589-41c6-94ff-939c23217e42,Etobicoke,2026-03-01 06:57:12,2026-03-01 06:57:24,11.33,1.0,clear
312f55cf-5201-4052-8593-7fd2d9db667c,Waterfront,2026-03-01 06:57:26,2026-03-01 06:57:34,20.0,1.0,clear
fbb54fc6-9912-43ac-b95e-e69715720fec,Scarborough,2026-03-01 07:00:42,2026-03-01 07:00:54,29.0,1.2,clear
476f1bc7-e141-4578-815a-d9a34081fc2f,Yorkdale,2026-03-01 07:00:52,2026-03-01 07:01:00,25.95,1.2,clear
e6cbff15-8d98-44a1-a5e7-dd0851267102,UnionStation,2026-03-01 06:59:45,2026-03-01 07:01:06,21.55,1.0,clear
b292be93-63c7-42a7-b879-7e196ba2b323,Etobicoke,2026-03-01 06:58:47,2026-03-01 07:01:35,23.16,1.0,clear
91e04bcc-da24-43ef-a713-3d3f0520f1fe,Waterfront,2026-03-01 07:01:00,2026-03-01 07:01:52,29.76,1.2,clear
7d2897aa-345e-4641-b3e6-96609cb2bf5d,Waterfront,2026-03-01 07:01:58,2026-03-01 07:02:03,26.47,1.2,clear
2a9c251e-bf74-47a2-9bd0-7b1d31e61d16,UnionStation,2026-03-01 07:00:04,2026-03-01 07:02:58,13.75,1.2,clear
1ed86912-d6f0-43f5-b0b5-a31e197e0210,Scarborough,2026-03-01 07:03:35,2026-03-01 07:03:47,14.42,1.2,clear
1dc133ce-e51c-4352-9153-07a313a6a393,Etobicoke,2026-03-01 07:04:45,2026-03-01 07:05:42,12.61,1.2,clear
c5a53e0f-49ac-4a3b-900e-a53ee3a1bac7,Scarborough,2026-03-01 07:03:50,2026-03-01 07:06:12,35.36,1.5,rain
b1f1c866-31f5-4e56-b39b-92c28354307d,Downtown,2026-03-01 07:06:16,2026-03-01 07:07:16,17.14,1.2,clear
375cb0c9-9104-4f3b-b895-af4922a5b2f2,UofT,2026-03-01 07:07:10,2026-03-01 07:08:03,9.74,1.2,clear
874caeda-7662-48f0-8d28-d63d2b003472,Scarborough,2026-03-01 07:00:32,2026-03-01 07:08:07,13.01,1.2,clear
c502104f-6b82-466b-9b19-2da88b10aace,NorthYork,2026-03-01 07:07:27,2026-03-01 07:09:03,26.2,1.2,clear
bd788a15-222a-4daf-92ef-1cecaaaeacc9,Midtown,2026-03-01 07:09:11,2026-03-01 07:09:22,29.66,1.2,clear
e120168c-af5b-4309-b9a5-13b64b0e8927,Scarborough,2026-03-01 07:09:34,2026-03-01 07:09:42,13.49,1.2,clear
b6b710f1-7dd0-41e8-a5e4-67bf23ef40e7,Scarborough,2026-03-01 07:05:07,2026-03-01 07:10:02,26.08,1.2,clear
a931b83c-e4ed-4eee-93c9-0d4bec8b7b54,Scarborough,2026-03-01 07:10:25,2026-03-01 07:10:32,22.31,1.2,clear
411d5e13-cfa2-4bae-97f2-c4622e4cdc31,Etobicoke,2026-03-01 07:09:45,2026-03-01 07:10:44,15.53,1.2,clear
1123a29b-654b-4b19-9986-3e295e03d5a4,Yorkdale,2026-03-01 07:11:15,2026-03-01 07:11:30,16.89,1.2,clear
e6f76cf8-0295-4b0d-b59d-41fe8a2e4ae3,Airport,2026-03-01 07:11:41,2026-03-01 07:11:43,23.09,1.5,rain
6181c093-02ef-4e4f-9195-780156470643,NorthYork,2026-03-01 07:10:59,2026-03-01 07:13:33,16.42,1.2,clear
a6fda0c3-9c48-41de-ba02-60e966e7fcf4,UofT,2026-03-01 07:11:59,2026-03-01 07:13:41,35.08,1.5,rain
b60ae132-528b-43c4-bb43-9a864c64fcaa,Yorkdale,2026-03-01 07:13:32,2026-03-01 07:14:38,28.92,1.5,rain
b81db6d1-612b-4875-be8c-fbc5d8fc624b,Etobicoke,2026-03-01 07:15:11,2026-03-01 07:15:47,18.05,1.5,rain
da76ca27-7722-4cc1-b5bc-44fd839ae7c3,Yorkdale,2026-03-01 07:14:37,2026-03-01 07:16:22,13.16,1.2,clear
ff89aeed-0388-4194-bf5b-776af2adf63f,Etobicoke,2026-03-01 07:16:48,2026-03-01 07:17:44,24.01,1.5,rain
a68f54b2-bef6-458c-8876-465f6c6a0111,Midtown,2026-03-01 07:17:43,2026-03-01 07:18:27,16.83,1.5,rain
7ae145c7-08eb-48c9-9887-49c3fa53e8bf,Downtown,2026-03-01 07:18:29,2026-03-01 07:18:41,10.63,1.2,clear
5e90968f-b09e-4974-896c-2e8a630fe6ea,Yorkdale,2026-03-01 07:18:25,2026-03-01 07:18:49,22.96,1.2,clear
974f5b5c-1cc0-4b6e-9d29-a0fa57962c87,Yorkdale,2026-03-01 07:18:22,2026-03-01 07:18:49,11.81,1.2,clear
7b387bb3-79f5-49e8-9dde-3961df2f298d,NorthYork,2026-03-01 07:19:25,2026-03-01 07:19:32,18.54,1.2,clear
6f276e9b-dafc-447a-87a6-7d212b7d4be5,Waterfront,2026-03-01 07:16:57,2026-03-01 07:19:57,11.45,1.2,clear
e4648ef8-097d-4878-bc2b-8230cc242411,Downtown,2026-03-01 07:20:40,2026-03-01 07:21:16,29.52,1.2,clear
ecbfc680-6d2d-4ad6-ab2a-e74e3e11fd43,Scarborough,2026-03-01 07:17:33,2026-03-01 07:21:46,27.81,1.2,clear
615ce29e-554a-449d-a780-b31e20ceb793,Midtown,2026-03-01 07:21:44,2026-03-01 07:22:04,15.61,1.2,clear
9057f29c-6f0a-480b-a872-ae7a4fc61c32,UnionStation,2026-03-01 07:22:33,2026-03-01 07:22:49,24.51,1.2,clear
9dc836ed-8ebf-4c33-a553-ad1fcc933517,Downtown,2026-03-01 07:15:44,2026-03-01 07:23:22,20.11,1.2,clear
c918d630-2cdc-4907-8195-28413836bdf2,UofT,2026-03-01 07:23:27,2026-03-01 07:23:51,17.57,1.5,rain
ccca0b55-2a75-48d6-a447-1c63042d5075,Midtown,2026-03-01 07:23:46,2026-03-01 07:23:54,23.21,1.8,snow
03764241-9554-41fb-bce8-78e4eec980d2,UofT,2026-03-01 07:17:40,2026-03-01 07:24:52,23.22,1.2,clear
b316d24f-340a-44bd-89e4-74f6cb4f3c10,Etobicoke,2026-03-01 07:24:58,2026-03-01 07:25:33,19.44,1.2,clear
96d5a04a-d9ed-4416-baee-a53f8f349973,Waterfront,2026-03-01 07:23:53,2026-03-01 07:26:16,21.56,1.2,clear
f68dc8b6-c75b-4a34-8c06-cb564d60b26a,NorthYork,2026-03-01 07:19:58,2026-03-01 07:26:21,14.04,1.5,rain
78aa834b-3faa-4268-b4a1-fca00be4b8ae,UnionStation,2026-03-01 07:26:17,2026-03-01 07:26:24,18.65,1.2,clear
c37a7f55-db23-4df7-b401-1244a77675ae,Scarborough,2026-03-01 07:25:41,2026-03-01 07:26:36,27.17,1.2,clear
ff876950-089e-46bb-9945-8fd2f0991b7f,UnionStation,2026-03-01 07:26:52,2026-03-01 07:27:12,27.29,1.2,clear
aae544ea-73fd-4f1f-bf34-9ada2ef7d701,Waterfront,2026-03-01 07:21:58,2026-03-01 07:27:18,16.05,1.5,rain
1d666f7a-cecd-4dc3-8cee-fcb2c524fad6,Waterfront,2026-03-01 07:26:07,2026-03-01 07:27:33,20.8,1.2,clear
5551adb1-0da7-4550-a515-0357b6fea1cb,Airport,2026-03-01 07:28:15,2026-03-01 07:28:24,29.46,1.8,snow
07ba1336-9f6d-4235-a591-4674683b8f92,Airport,2026-03-01 07:28:48,2026-03-01 07:28:51,24.86,1.2,clear
fe617084-88ff-417f-a7b4-fa070f5f4775,Midtown,2026-03-01 07:29:35,2026-03-01 07:31:52,23.33,1.5,rain
55ce82e9-f5ed-4f8a-b5dd-fa7fab025299,Etobicoke,2026-03-01 07:31:50,2026-03-01 07:32:46,28.9,1.2,clear
1a027d91-34f4-43ef-a58e-7c48d3419e0e,Waterfront,2026-03-01 07:31:03,2026-03-01 07:33:03,23.02,1.5,rain
f2e1a292-b44d-4175-a1b6-f36163234a1a,UnionStation,2026-03-01 07:32:31,2026-03-01 07:33:31,24.61,1.2,clear
c9125f77-cccd-467c-aac1-7b4b28a5b94d,Airport,2026-03-01 07:26:12,2026-03-01 07:33:49,23.37,1.8,snow
02dd4a9f-d4a0-47d6-8ca6-6b8cbce67a99,Airport,2026-03-01 07:31:54,2026-03-01 07:33:51,11.59,1.2,clear
b0712bc8-d667-4eda-ba37-888e6e9c6669,Midtown,2026-03-01 07:33:55,2026-03-01 07:33:59,12.8,1.2,clear
2ba6e088-554a-48cc-ae9f-a46b9c847f2b,UofT,2026-03-01 07:33:35,2026-03-01 07:34:26,26.99,1.2,clear
5395632d-73d2-4c06-b229-0afa0bf69621,Etobicoke,2026-03-01 07:34:19,2026-03-01 07:34:59,18.04,1.2,clear
12180ab9-17c0-4ab2-b218-87e928ec0465,NorthYork,2026-03-01 07:34:37,2026-03-01 07:35:35,25.85,1.2,clear
6f6f1af2-06d2-4079-8506-3fcb3cd77caf,Scarborough,2026-03-01 07:36:19,2026-03-01 07:37:06,13.92,1.2,clear
00938592-9959-4977-8cb6-132b300ae45a,Airport,2026-03-01 07:37:30,2026-03-01 07:38:13,16.92,1.2,clear
31aa57eb-bea4-43e1-8a4c-87e4ad9d0685,Midtown,2026-03-01 07:38:18,2026-03-01 07:38:21,19.87,1.2,clear
c5042755-893e-4452-b6ff-9c52dafeea74,Scarborough,2026-03-01 07:38:24,2026-03-01 07:38:52,15.24,1.2,clear
bcb8b955-735e-4b97-b61f-1141fc8aff28,Scarborough,2026-03-01 07:38:52,2026-03-01 07:39:31,12.51,1.2,clear
8c15bfce-4726-470f-a1a0-6df09b38f4dc,Midtown,2026-03-01 07:40:21,2026-03-01 07:40:30,11.99,1.2,clear
a1e2fdd0-fd33-4e90-8fc2-33f3b36ceb8e,Scarborough,2026-03-01 07:40:27,2026-03-01 07:41:08,26.35,1.8,snow
08967606-9546-4a91-92d4-93336a2d27e2,Midtown,2026-03-01 06:33:47,2026-03-01 07:41:15,11.26,1.0,clear
cea53387-ab3d-4d83-8709-05b30aedb21a,Yorkdale,2026-03-01 07:40:37,2026-03-01 07:41:29,13.39,1.5,rain
58ce0a29-9737-485b-8d95-16d1d97c5551,NorthYork,2026-03-01 07:38:56,2026-03-01 07:41:32,18.95,1.2,clear
aa2874e8-dc48-4c49-bde0-035c5b6be03c,Etobicoke,2026-03-01 07:40:23,2026-03-01 07:41:46,16.98,1.2,clear
3fba5063-b74f-4907-909f-2ad5c06fb963,Airport,2026-03-01 07:37:03,2026-03-01 07:42:03,24.75,1.5,rain
5070568a-c259-4074-b4f2-fe61b2c7b87b,Scarborough,2026-03-01 07:40:06,2026-03-01 07:42:06,19.43,1.8,snow
ee595666-e300-4986-9b7a-67f0e558be46,Yorkdale,2026-03-01 07:42:22,2026-03-01 07:42:54,9.85,1.2,clear
d33f7bba-6f2d-4211-ae87-7ea0dd776f8e,Waterfront,2026-03-01 07:44:44,2026-03-01 07:45:19,26.88,1.2,clear
631558b9-06bf-4db7-b824-018b42e772cb,Waterfront,2026-03-01 07:44:22,2026-03-01 07:45:19,26.11,1.2,clear
22140a10-21a4-4683-a77d-2e3c38cbb817,Downtown,2026-03-01 07:45:48,2026-03-01 07:46:36,10.89,1.2,clear
9196bd2f-ed4c-4174-803c-6bd1a72c2fdb,UnionStation,2026-03-01 07:47:00,2026-03-01 07:47:00,9.91,1.2,clear
10940df4-7053-4589-808b-e151ccb70a04,Downtown,2026-03-01 07:47:54,2026-03-01 07:48:05,20.98,1.2,clear
78a73380-e368-4b70-aa0e-5cce8d2b1d4b,Scarborough,2026-03-01 07:46:04,2026-03-01 07:48:11,14.06,1.2,clear
e93018c9-0388-4a76-8195-83d89b9293f2,Airport,2026-03-01 07:48:29,2026-03-01 07:49:12,25.94,1.2,clear
67397a29-0baf-4d48-953d-f1c661696765,Waterfront,2026-03-01 07:49:15,2026-03-01 07:49:58,19.0,1.2,clear
1fa09930-d1c9-4f7f-810c-ac553fd0bbb4,UofT,2026-03-01 07:50:57,2026-03-01 07:51:23,30.28,1.5,rain
5f7c08ba-7999-429c-9d90-f45223663d08,Airport,2026-03-01 07:50:55,2026-03-01 07:51:32,11.86,1.2,clear
e84a5b82-ae1c-4f43-8260-31d0c5036270,UofT,2026-03-01 07:52:41,2026-03-01 07:52:59,29.52,1.2,clear
e05ca216-f686-4afa-909c-f731db2172da,UofT,2026-03-01 07:52:09,2026-03-01 07:53:01,24.43,1.5,rain
2c088a50-7d54-4c19-8bd2-03464a1a0fa0,Downtown,2026-03-01 07:45:26,2026-03-01 07:53:55,22.04,1.5,rain
e31690e3-e3a5-4e70-a898-cbe021984a53,Downtown,2026-03-01 07:53:57,2026-03-01 07:54:05,11.3,1.2,clear
111d5413-2138-4755-8fab-93a2c074c4a5,Midtown,2026-03-01 07:54:02,2026-03-01 07:54:48,41.99,1.8,snow
aeb187db-cf60-4b2d-a932-49e405c2c16f,NorthYork,2026-03-01 07:54:45,2026-03-01 07:55:12,13.36,1.5,rain
02ce5636-b5eb-4b48-ad5d-ef507f73657f,Yorkdale,2026-03-01 07:52:49,2026-03-01 07:55:23,15.3,1.2,clear
7de41d17-372c-472a-875c-3d429ad35e85,Yorkdale,2026-03-01 07:57:04,2026-03-01 07:57:08,24.19,1.2,clear
8c2541a0-80e3-4318-89ec-cf32ef57109c,Scarborough,2026-03-01 07:54:33,2026-03-01 07:57:46,12.11,1.2,clear
c6185d02-3164-4472-a650-7377e3ac9712,Downtown,2026-03-01 07:59:17,2026-03-01 07:59:47,19.12,1.2,clear
d2bb1052-ddee-47dc-a35b-28660bac5b32,Etobicoke,2026-03-01 07:59:12,2026-03-01 07:59:54,26.34,1.2,clear
b2d7e776-66aa-4039-b495-de7604227968,NorthYork,2026-03-01 07:59:20,2026-03-01 08:00:11,17.53,1.2,clear
80c287c2-23db-4254-81a9-039fb9b5a476,UnionStation,2026-03-01 07:59:08,2026-03-01 08:00:54,13.75,1.2,clear
84034090-e68f-417b-a7da-96572f0926ed,Midtown,2026-03-01 08:01:25,2026-03-01 08:01:25,36.36,1.5,rain
54f654bc-0e88-4993-868d-c0a501a8a313,Waterfront,2026-03-01 08:01:09,2026-03-01 08:03:04,14.59,1.2,clear
46e130f2-b5e6-469b-b0bc-feb252c5efc9,Waterfront,2026-03-01 08:03:22,2026-03-01 08:03:48,28.67,1.2,clear
0e091841-eca8-413b-a338-81b42a81a0ed,UnionStation,2026-03-01 08:01:50,2026-03-01 08:04:24,20.6,1.5,rain
b4fd6577-de7f-4e3f-9c40-5445704b799b,Midtown,2026-03-01 08:03:32,2026-03-01 08:04:27,22.89,1.2,clear
e4e939d9-cabe-49ed-8d76-542e514fca61,Scarborough,2026-03-01 08:04:01,2026-03-01 08:04:33,25.02,1.5,rain
e8b80b3f-7f4a-4412-a4af-50092eca2836,Yorkdale,2026-03-01 08:08:54,2026-03-01 08:09:52,13.65,1.5,rain
33e9f184-79b0-4224-9138-3d07254a36ca,Midtown,2026-03-01 08:04:43,2026-03-01 08:10:04,31.67,1.5,rain
84e5be4f-9e90-4aa8-8a6b-dd007ff51fda,Waterfront,2026-03-01 08:09:50,2026-03-01 08:10:08,33.66,1.8,snow
b4383c6f-1e98-4cdc-8311-24188d43a175,Downtown,2026-03-01 08:10:31,2026-03-01 08:10:56,20.46,1.2,clear
0ed4d76d-b339-4172-992c-a9230938ab8a,Downtown,2026-03-01 08:10:23,2026-03-01 08:11:21,34.2,1.8,snow
74d8cfe4-7d50-4aa0-816e-3c6877f765d4,Downtown,2026-03-01 08:11:22,2026-03-01 08:11:28,19.38,1.2,clear
5ce59d55-c9ed-4bbd-a92c-a83e71ff4b46,Downtown,2026-03-01 08:11:40,2026-03-01 08:13:18,40.62,1.8,snow
c4e5e0d5-e98f-465d-b146-50b4b2066f71,NorthYork,2026-03-01 08:11:08,2026-03-01 08:13:49,15.28,1.2,clear
6656645a-3e46-4843-a9bc-ecd6b9d9ea45,Yorkdale,2026-03-01 08:13:27,2026-03-01 08:14:04,30.3,1.5,rain
a23dd8f6-05cd-4d50-9020-bb6bc684f9fc,Yorkdale,2026-03-01 08:15:16,2026-03-01 08:15:36,16.06,1.8,snow
c41c2c86-1eb5-42bc-b5ea-09b9090a50a7,UofT,2026-03-01 08:13:54,2026-03-01 08:16:02,17.04,1.2,clear
3d9d8e2f-e42b-421a-807f-467e69739feb,UnionStation,2026-03-01 08:16:10,2026-03-01 08:16:10,18.01,1.2,clear
c3f0ce59-629f-4352-a83b-5ec2a7c81439,Etobicoke,2026-03-01 08:16:34,2026-03-01 08:17:34,44.18,1.8,snow
dffd3647-ece6-44f4-91a7-16ad052445e2,Waterfront,2026-03-01 08:17:58,2026-03-01 08:18:44,25.39,1.2,clear
08ae8fb2-aaa5-4142-8dac-61e5e8b14389,Downtown,2026-03-01 08:17:32,2026-03-01 08:19:40,38.07,1.8,snow
5c83feb2-0cc3-4105-a153-ec9eeebfd6e7,NorthYork,2026-03-01 08:19:44,2026-03-01 08:20:04,28.93,1.2,clear
35e444bb-ea0b-4712-9dee-084bf8359fd6,Midtown,2026-03-01 08:21:02,2026-03-01 08:21:55,27.98,1.5,rain
f82de0fd-1833-4ef3-863c-661f8f44becf,Midtown,2026-03-01 08:20:42,2026-03-01 08:21:57,21.08,1.5,rain
66094b66-92cd-474c-a03a-b0bfa1c96502,Midtown,2026-03-01 08:22:27,2026-03-01 08:22:52,26.19,1.2,clear
13d12340-f89d-48d2-b891-20b4808d064e,Etobicoke,2026-03-01 08:22:02,2026-03-01 08:23:00,9.94,1.2,clear
7b20b40f-d42e-47ef-a1f1-0def14c365e1,Airport,2026-03-01 08:22:41,2026-03-01 08:23:46,11.07,1.2,clear
9b0e0d05-bf07-4e96-a868-a7cdbd2a3786,Yorkdale,2026-03-01 08:24:26,2026-03-01 08:24:56,16.93,1.2,clear
f3f17fcc-9e22-4098-8387-522c0c6f732c,Airport,2026-03-01 08:24:39,2026-03-01 08:25:19,20.33,1.2,clear
3a56f512-d4e4-4f62-a1b9-2855d82d6050,UofT,2026-03-01 08:24:23,2026-03-01 08:25:19,23.74,1.2,clear
e8d592f6-bd95-4cc3-92c5-a4429fab86e9,Etobicoke,2026-03-01 08:24:59,2026-03-01 08:25:37,28.04,1.2,clear
f583768d-290f-4ffd-a62d-534b20eba760,Midtown,2026-03-01 08:25:52,2026-03-01 08:26:24,31.61,1.5,rain
ae179fee-2a9d-4aeb-b105-98810dc3bed3,Etobicoke,2026-03-01 08:26:29,2026-03-01 08:26:30,22.67,1.2,clear
7ca2d467-c523-4b9f-8ade-ca2dfc56ea4f,UnionStation,2026-03-01 08:27:55,2026-03-01 08:28:40,17.94,1.2,clear
75679fc3-e376-4eb3-b5d8-755ee4f4607e,Scarborough,2026-03-01 08:20:16,2026-03-01 08:28:56,20.6,1.2,clear
86372660-61f6-4a60-b9e9-a106a027bc63,UnionStation,2026-03-01 08:28:16,2026-03-01 08:30:30,23.56,1.2,clear
6891c6c8-11cb-4abc-83b0-9b65fba463ed,NorthYork,2026-03-01 08:32:51,2026-03-01 08:33:31,27.68,1.8,snow
3182ec6d-e6f4-4be2-8b08-3fd7b38c8f4f,Etobicoke,2026-03-01 08:33:53,2026-03-01 08:35:44,27.94,1.5,rain
9b8ef783-b6ec-4de9-82e0-47c6779c0555,UofT,2026-03-01 08:34:01,2026-03-01 08:36:55,18.15,1.2,clear
b1d4c131-5d0f-45b2-8723-eb4576dcdb94,Airport,2026-03-01 08:37:11,2026-03-01 08:37:13,21.36,1.2,clear
4b2fe82c-3949-4ead-a17b-00f3d2c5be34,UnionStation,2026-03-01 08:36:53,2026-03-01 08:37:19,30.57,1.5,rain
b8c4349e-6df7-487d-b7be-e63d979724b8,Airport,2026-03-01 08:36:13,2026-03-01 08:37:44,15.95,1.2,clear
19a77293-c378-4c59-b881-7d616233857f,Waterfront,2026-03-01 08:37:09,2026-03-01 08:37:56,41.37,1.8,snow
6a0e0c39-a73a-4238-a36c-8dfe08a6c4a5,UofT,2026-03-01 08:38:53,2026-03-01 08:39:44,14.37,1.2,clear
a18245bf-40c1-4525-b0bf-11a1b603cbf5,Midtown,2026-03-01 08:37:36,2026-03-01 08:39:54,29.57,1.5,rain
02f3f034-fc04-4da7-b9a4-01e356dcfccf,Yorkdale,2026-03-01 08:39:46,2026-03-01 08:40:12,15.01,1.2,clear
b5239585-40ab-493d-b7cc-d41b5240cce8,Yorkdale,2026-03-01 08:40:03,2026-03-01 08:40:20,37.02,1.8,snow
4d30d42a-7470-4607-8257-19a25b9f0c44,UofT,2026-03-01 08:31:44,2026-03-01 08:40:45,22.99,1.8,snow
1368bb86-b274-4849-8ac2-d2a632eeed6d,NorthYork,2026-03-01 08:41:10,2026-03-01 08:41:36,23.75,1.2,clear
f0393356-713a-432a-b111-d8d0374497b8,Midtown,2026-03-01 08:41:05,2026-03-01 08:41:57,10.17,1.2,clear
8b105daa-35da-4728-9726-ac122067e220,UofT,2026-03-01 08:42:50,2026-03-01 08:43:23,19.79,1.2,clear
9a20af02-9228-4e4f-b71c-be51f6b6952e,Waterfront,2026-03-01 08:42:47,2026-03-01 08:43:44,16.18,1.2,clear
71ff28a1-3953-4a6c-97b5-f975ccfcb694,Airport,2026-03-01 08:41:18,2026-03-01 08:44:09,24.64,1.2,clear
6cdfe98e-066f-4607-a671-699291648a54,Yorkdale,2026-03-01 08:41:40,2026-03-01 08:44:10,10.49,1.2,clear
0c1b84f9-07d8-4f50-86c9-a1a5a95fe92c,Yorkdale,2026-03-01 08:45:04,2026-03-01 08:45:38,28.16,1.2,clear
56c7d3e1-a1a8-49e0-a4d5-a04897f4e1ff,Waterfront,2026-03-01 08:45:06,2026-03-01 08:46:01,33.53,1.5,rain
f4adfb55-b647-4d67-a785-8b8cf060488e,Midtown,2026-03-01 08:45:44,2026-03-01 08:46:29,10.28,1.2,clear
aef034d6-f474-4355-9e47-5255c0ae81fd,Airport,2026-03-01 08:45:58,2026-03-01 08:46:51,24.01,1.2,clear
ac2eabab-9bd0-41e8-b7d4-293be018a981,NorthYork,2026-03-01 08:47:25,2026-03-01 08:48:11,21.67,1.2,clear
ad3cd3a7-3a5c-443b-a946-c7e4203d0983,Midtown,2026-03-01 08:49:28,2026-03-01 08:49:28,29.42,1.2,clear
4c2df190-9524-4ddf-a289-06ddfe4213bc,Midtown,2026-03-01 08:46:15,2026-03-01 08:49:29,11.75,1.2,clear
ae13597e-ad7c-4c0b-b1c6-906a26a903cf,Airport,2026-03-01 08:48:16,2026-03-01 08:50:23,26.32,1.2,clear
53ff348c-c386-4028-9232-48319c0b1be8,Airport,2026-03-01 08:53:14,2026-03-01 08:53:23,11.16,1.2,clear
fe6bc463-f251-4922-9115-815edf04ca45,Waterfront,2026-03-01 08:52:05,2026-03-01 08:53:31,13.75,1.5,rain
bc9b0c3f-8ac0-4a78-855a-ac5d976f550c,UnionStation,2026-03-01 08:54:04,2026-03-01 08:54:23,28.27,1.8,snow
22129dcc-82c8-4037-b87c-d2ced66c54d3,NorthYork,2026-03-01 08:54:37,2026-03-01 08:54:53,16.35,1.2,clear
4db67c31-3552-4c71-ad79-d8b6aafbd5bd,Downtown,2026-03-01 08:54:13,2026-03-01 08:55:03,16.82,1.5,rain
87fbe89f-e2b4-4ef1-81f9-7066e5755f28,Airport,2026-03-01 08:54:48,2026-03-01 08:55:13,15.53,1.2,clear
78df4a00-c2bd-4e40-ba36-d19acc07e2fe,Waterfront,2026-03-01 08:55:29,2026-03-01 08:56:09,10.09,1.2,clear
7f00e9a8-fa62-490d-9af6-7f0005956ae8,UofT,2026-03-01 08:54:52,2026-03-01 08:57:05,18.89,1.2,clear
de33be35-baf8-4138-bdee-1ea0b4e184e6,Airport,2026-03-01 08:59:13,2026-03-01 08:59:49,27.54,1.2,clear
fa40b1c5-c9b6-4b4b-9243-d875e67f725f,Scarborough,2026-03-01 08:59:30,2026-03-01 09:00:17,13.04,1.5,rain
99132d00-2d85-4100-bbab-8ce589dbda75,NorthYork,2026-03-01 08:58:09,2026-03-01 09:00:54,21.26,1.5,rain
e3356fe6-555d-499d-9e08-a617d6182b1d,Midtown,2026-03-01 09:01:33,2026-03-01 09:01:47,21.6,1.2,clear
bc49ade4-5cb4-4d02-811c-93c4d29d5981,Scarborough,2026-03-01 09:02:56,2026-03-01 09:02:56,20.1,1.2,clear
497f6aaf-7278-48c3-a85e-0064e37b589a,Midtown,2026-03-01 08:58:49,2026-03-01 09:03:05,14.14,1.2,clear
2b12126d-e570-4ac9-b3ed-b1223e866c2e,Midtown,2026-03-01 09:02:30,2026-03-01 09:03:10,20.24,1.2,clear
1131e8d4-7999-4bb3-ad60-19540b69c13e,UofT,2026-03-01 09:00:41,2026-03-01 09:03:18,13.45,1.2,clear
dec5eb06-f0ad-487d-bb7d-44e350e0916b,Midtown,2026-03-01 09:03:33,2026-03-01 09:04:05,15.97,1.2,clear
4f135c5b-a99c-4e66-8441-99382073f7e9,Airport,2026-03-01 09:05:37,2026-03-01 09:05:53,19.4,1.5,rain
6b0824db-99c1-47f0-8b45-81c60f46b980,UnionStation,2026-03-01 09:06:03,2026-03-01 09:06:56,26.7,1.2,clear
7207a444-b042-46fd-a43e-f1973aca9876,Downtown,2026-03-01 09:06:08,2026-03-01 09:07:02,20.91,1.2,clear
0eaa99b6-05cc-4b35-b03d-875cd326a1ef,Etobicoke,2026-03-01 09:06:18,2026-03-01 09:08:07,36.85,1.5,rain
abce3299-c18f-4066-8822-685c5fc15f70,Downtown,2026-03-01 09:07:39,2026-03-01 09:08:10,21.0,1.2,clear
fc8f1470-3370-4274-9049-c0862aab850c,Airport,2026-03-01 09:10:18,2026-03-01 09:10:46,28.18,1.2,clear
aebc47e4-cf59-4683-8a49-95b773f0b3f3,UofT,2026-03-01 09:11:04,2026-03-01 09:11:47,11.88,1.2,clear
1cc2bd95-842a-45c9-8245-32b7cf86a9f0,Yorkdale,2026-03-01 09:04:11,2026-03-01 09:13:59,13.34,1.2,clear
1e8d1c31-c8d3-4f83-811e-ee0a7b77a451,Airport,2026-03-01 09:14:07,2026-03-01 09:14:15,29.54,1.2,clear
8f0f0d43-86d3-492c-b774-e80e1a6ee012,Scarborough,2026-03-01 09:13:51,2026-03-01 09:14:24,15.74,1.2,clear
cb61acd8-416e-46b6-9a07-70a43e443878,Scarborough,2026-03-01 09:15:03,2026-03-01 09:15:05,43.77,1.8,snow
a4d6feee-6c60-4b61-95c6-200c05f8ccf7,Midtown,2026-03-01 09:12:07,2026-03-01 09:15:06,26.99,1.2,clear
e005d339-518a-4055-b19b-0de63eb08914,NorthYork,2026-03-01 09:12:46,2026-03-01 09:15:44,26.4,1.2,clear
91a9a5c2-c1e0-4e98-a64a-83f602efbb90,Downtown,2026-03-01 09:14:06,2026-03-01 09:16:26,16.63,1.2,clear
e3756aaa-ca2d-447d-a0e6-ab806806917a,UnionStation,2026-03-01 09:15:47,2026-03-01 09:17:01,20.82,1.2,clear
20c54430-e5e0-4929-9e11-fda79e784149,Midtown,2026-03-01 09:17:02,2026-03-01 09:18:13,28.41,1.2,clear
07799af3-ae09-457d-9412-c2002a863253,Scarborough,2026-03-01 09:11:24,2026-03-01 09:18:19,11.21,1.2,clear
a794ce5b-f148-474a-86d0-6077af4d7f8a,NorthYork,2026-03-01 09:18:13,2026-03-01 09:19:33,15.67,1.2,clear
3b8465cb-0b8e-4345-99b6-0c6221eb6725,UofT,2026-03-01 09:21:21,2026-03-01 09:21:28,37.24,1.8,snow
7f3d76af-f06b-4575-9912-5c099374315a,Downtown,2026-03-01 09:22:23,2026-03-01 09:22:38,20.63,1.2,clear
783dfdcb-b2b4-4e42-b573-51bf641481c5,Waterfront,2026-03-01 09:22:00,2026-03-01 09:22:48,25.73,1.2,clear
f8c52733-1440-4ac3-9887-eafd7d0e05a0,UofT,2026-03-01 09:23:29,2026-03-01 09:23:36,34.3,1.8,snow
5c8522ac-dbec-4a2d-b479-3c03290998d4,Scarborough,2026-03-01 09:22:59,2026-03-01 09:23:37,16.76,1.2,clear
cf453f18-bf27-4414-91e2-a9f69c367fd6,Midtown,2026-03-01 09:25:28,2026-03-01 09:25:40,20.46,1.2,clear
f2085b82-4db6-4f61-961d-246737b41384,NorthYork,2026-03-01 09:25:51,2026-03-01 09:26:18,12.46,1.2,clear
bcff4b51-67cd-41e3-8caa-2378a13508b0,UnionStation,2026-03-01 09:26:29,2026-03-01 09:26:39,9.72,1.2,clear
29114211-b559-4be1-978c-ca1508cb78b8,UofT,2026-03-01 09:26:58,2026-03-01 09:27:01,12.6,1.2,clear
f3aac80a-2f9e-4b91-985a-5f1a5aa652b1,UofT,2026-03-01 09:26:34,2026-03-01 09:27:23,16.85,1.2,clear
17a7d60d-2191-49f7-bf81-c3c0ffbfbde5,Waterfront,2026-03-01 09:26:58,2026-03-01 09:28:15,16.12,1.2,clear
e382ed89-db93-4349-b6d3-e35faa7a2e92,Waterfront,2026-03-01 09:28:19,2026-03-01 09:28:19,13.07,1.2,clear
ad9c5659-a3df-41c2-866a-8e59a3b0db59,Midtown,2026-03-01 09:27:59,2026-03-01 09:28:21,25.3,1.2,clear
e2366f32-3275-45d7-8464-2e2cfcfc979b,Yorkdale,2026-03-01 09:28:34,2026-03-01 09:28:35,12.11,1.2,clear
8e737316-e2f3-4a75-9f62-5123b1246ca4,NorthYork,2026-03-01 09:28:35,2026-03-01 09:28:44,11.26,1.2,clear
52bfa809-8f6b-4c28-9bb6-16cb971395fc,Downtown,2026-03-01 09:28:56,2026-03-01 09:29:14,13.05,1.2,clear
e5584e3b-1484-4680-9a7c-5e3af46ea7f5,Airport,2026-03-01 09:29:32,2026-03-01 09:30:21,23.67,1.2,clear
83436355-497e-4b61-aacf-23c7eee56a96,Etobicoke,2026-03-01 09:29:41,2026-03-01 09:30:27,29.06,1.2,clear
dd2205ef-12d0-4fa1-82e2-537d4d61042e,Waterfront,2026-03-01 09:30:23,2026-03-01 09:30:44,21.0,1.2,clear
430f0974-5f04-4bdc-b5ee-2444213dc78d,NorthYork,2026-03-01 09:30:43,2026-03-01 09:31:03,21.1,1.2,clear
6dc5f861-33b8-48de-a202-da55a2ee204d,Etobicoke,2026-03-01 09:30:12,2026-03-01 09:32:11,23.52,1.2,clear
be3ace2b-b292-4f0d-b85d-c730e7bffaaa,Waterfront,2026-03-01 09:32:20,2026-03-01 09:32:31,14.62,1.2,clear
3e3ff324-6ebf-4e84-a5d2-f2f319adc5ee,NorthYork,2026-03-01 09:31:51,2026-03-01 09:32:49,37.41,1.5,rain
1d73d601-d346-40f5-8b33-302aed6a6173,UnionStation,2026-03-01 09:31:53,2026-03-01 09:33:07,17.33,1.2,clear
fda9c786-433d-443d-9406-9fe830284400,Scarborough,2026-03-01 09:31:23,2026-03-01 09:33:55,19.11,1.2,clear
fd8fcd5c-05bb-4cd6-9db3-06639194a971,Airport,2026-03-01 09:34:31,2026-03-01 09:34:33,35.93,1.8,snow
446b77f8-74b1-4caa-9423-47cd24556089,Yorkdale,2026-03-01 09:35:00,2026-03-01 09:35:10,25.18,1.5,rain
4d16f443-cc8b-4feb-b149-554aa074637d,UofT,2026-03-01 09:35:23,2026-03-01 09:35:41,22.19,1.2,clear
f601b582-53f5-4351-9666-5f2703dec72c,Yorkdale,2026-03-01 09:35:13,2026-03-01 09:35:50,17.28,1.2,clear
8e479b85-d391-48f5-a911-47ff2ba84209,Midtown,2026-03-01 09:35:17,2026-03-01 09:36:26,23.34,1.2,clear
6f2bc952-65c4-4181-83eb-560fca258a57,Yorkdale,2026-03-01 09:36:02,2026-03-01 09:37:02,29.93,1.2,clear
30a66d04-c661-4541-af3b-632e66f78a50,NorthYork,2026-03-01 09:37:48,2026-03-01 09:38:46,29.17,1.5,rain
63b2e74b-f306-46f6-8129-2315d1edd185,Scarborough,2026-03-01 09:39:03,2026-03-01 09:39:41,20.86,1.8,snow
9616b3cd-0bda-414c-b810-46a7cedf5490,Waterfront,2026-03-01 09:38:38,2026-03-01 09:40:32,20.6,1.2,clear
2017db1b-9fc4-4096-9dcb-421a21ab02a9,UnionStation,2026-03-01 09:38:54,2026-03-01 09:40:41,13.37,1.2,clear
e5f1c269-f9da-4679-9bda-657c16158c39,UnionStation,2026-03-01 09:40:38,2026-03-01 09:40:46,19.71,1.2,clear
b2286356-7597-4c77-bad8-e5f48aed3d9b,Scarborough,2026-03-01 09:41:07,2026-03-01 09:41:16,21.2,1.5,rain
d72e9092-c5c9-4f8a-b6b0-8335fdecdd0b,UofT,2026-03-01 09:40:43,2026-03-01 09:41:26,21.93,1.2,clear
2d39fc77-a386-4774-bb4b-4ebf5d7d9a0c,Downtown,2026-03-01 09:42:44,2026-03-01 09:43:43,18.83,1.2,clear
d666379b-566d-413c-bddb-eb24ba987f96,Scarborough,2026-03-01 09:34:07,2026-03-01 09:43:44,23.2,1.5,rain
7f433996-f63a-4028-a271-df2b446d8c83,Downtown,2026-03-01 09:44:14,2026-03-01 09:44:25,28.4,1.2,clear
d46b393b-a247-42cc-a295-30e50818a82d,NorthYork,2026-03-01 09:44:33,2026-03-01 09:44:51,16.71,1.2,clear
fefe933b-acb6-4b91-bb55-378c40c9abd9,Scarborough,2026-03-01 09:39:34,2026-03-01 09:44:55,27.02,1.5,rain
5f1f52cb-a26b-4b31-85d5-c45cbd9eac82,Waterfront,2026-03-01 09:36:48,2026-03-01 09:45:08,15.62,1.2,clear
784b2244-9922-4348-ad2c-d3607ffce378,Waterfront,2026-03-01 09:45:23,2026-03-01 09:45:29,24.69,1.2,clear
1975a524-c3b7-4203-9159-fab0509d5b45,Airport,2026-03-01 09:46:34,2026-03-01 09:46:36,10.53,1.2,clear
fdd68ba2-5e7b-4453-94d3-693b03181711,UofT,2026-03-01 09:46:08,2026-03-01 09:46:36,28.22,1.5,rain
d3e38001-f991-441c-b149-46f91e3ae57d,UofT,2026-03-01 09:46:02,2026-03-01 09:46:40,16.69,1.2,clear
5f8b5855-d5eb-4984-aad9-75cf3a888a80,Yorkdale,2026-03-01 09:44:18,2026-03-01 09:47:18,27.71,1.2,clear
14659073-4cce-4eba-8f42-6da4ce1c468d,UnionStation,2026-03-01 09:47:07,2026-03-01 09:47:40,20.54,1.5,rain
5efd16c4-4795-454f-84fe-41a724b04528,Etobicoke,2026-03-01 09:47:15,2026-03-01 09:47:55,13.32,1.2,clear
d82e2219-5402-4ea4-8af7-b139ed722736,Airport,2026-03-01 09:39:01,2026-03-01 09:48:27,36.59,1.5,rain
882c29d5-2ceb-4d4d-9509-189bd23e670f,Airport,2026-03-01 09:47:59,2026-03-01 09:48:49,21.94,1.8,snow
df17f609-6d3e-4368-9016-9e7749f5b0bf,UnionStation,2026-03-01 09:48:41,2026-03-01 09:49:08,19.35,1.8,snow
e597b7f4-3a01-4b96-a6fb-75c8c27ed524,Midtown,2026-03-01 09:48:28,2026-03-01 09:50:15,42.99,1.8,snow
653da28f-7023-498d-81d6-88f4f91d1dab,Waterfront,2026-03-01 09:49:37,2026-03-01 09:50:32,28.5,1.8,snow
e4b36ef7-eae5-4bbf-b841-b3f593871443,Airport,2026-03-01 09:51:53,2026-03-01 09:51:55,28.74,1.2,clear
07ed507a-c38f-4cdb-8491-160de9a5303c,Midtown,2026-03-01 09:49:42,2026-03-01 09:52:16,13.6,1.2,clear
23772ba7-f735-4a51-9e47-f38b13e759a7,Airport,2026-03-01 09:52:14,2026-03-01 09:52:32,21.1,1.2,clear
f9622864-9e18-4a44-80e8-a329499062c1,Scarborough,2026-03-01 09:53:34,2026-03-01 09:53:58,11.24,1.2,clear
bf8adca1-83e1-4099-9d05-5139ae7a9801,Scarborough,2026-03-01 09:52:41,2026-03-01 09:54:30,19.46,1.5,rain
4dea3e68-f10b-457f-ab88-54ed69f4e972,Etobicoke,2026-03-01 09:53:49,2026-03-01 09:54:40,25.92,1.2,clear
c8f75d54-3183-4433-b0be-7ed45cfbcd4b,Waterfront,2026-03-01 09:56:55,2026-03-01 09:57:09,18.98,1.5,rain
274e02a3-c04b-4300-9449-3a5f3fa229e7,Etobicoke,2026-03-01 09:57:18,2026-03-01 09:57:42,18.22,1.5,rain
e5a6b248-bb99-4adc-8f76-74259c7209dc,Yorkdale,2026-03-01 09:52:07,2026-03-01 09:58:26,13.08,1.2,clear
b4cac8c1-7e2a-4328-9fa1-20ec18098f80,UnionStation,2026-03-01 09:59:25,2026-03-01 09:59:27,23.45,1.8,snow
2c06ad21-9ab6-40c8-8170-4f76f3405015,Scarborough,2026-03-01 09:59:28,2026-03-01 09:59:31,13.88,1.2,clear
99eaf6a3-cf29-4e09-8300-8bad9747aa1a,Waterfront,2026-03-01 09:59:32,2026-03-01 09:59:42,20.48,1.2,clear
35993174-cbff-4249-b952-abd8e972a7b3,Airport,2026-03-01 09:58:23,2026-03-01 09:59:45,37.18,1.5,rain
aa06dc5a-dd1d-4253-9fb0-c250ddd6b82d,Airport,2026-03-01 10:00:10,2026-03-01 10:00:37,26.46,1.6,snow
dfe9ad20-354a-445b-b4eb-7a016daf923b,NorthYork,2026-03-01 10:00:42,2026-03-01 10:00:57,8.59,1.0,clear
8a858afd-78ef-4098-9fbe-b88230bc5e00,Etobicoke,2026-03-01 10:01:39,2026-03-01 10:02:04,19.57,1.0,clear
95e0fbbe-8abd-4dd6-a60f-3de64eda4d7f,Midtown,2026-03-01 10:01:45,2026-03-01 10:02:31,19.06,1.3,rain
25a82f89-3eb9-4f95-a6f8-fb3b4a2a25ae,Downtown,2026-03-01 10:02:39,2026-03-01 10:03:42,23.14,1.0,clear
285d4b06-c157-489a-947d-a5495a8154c3,Yorkdale,2026-03-01 10:03:08,2026-03-01 10:03:58,8.15,1.0,clear
ba536461-f95e-4b77-b668-2206613bb0e6,Midtown,2026-03-01 10:04:02,2026-03-01 10:04:02,15.73,1.0,clear
33f03f30-b7c6-4f8c-9543-2c992454f669,Midtown,2026-03-01 10:03:51,2026-03-01 10:04:12,14.12,1.0,clear
556f5f3b-b217-4486-a2aa-88bff54d17ac,NorthYork,2026-03-01 10:04:51,2026-03-01 10:05:06,11.2,1.0,clear
c914565f-1aec-4f1e-af2d-d4d7531d79b0,Waterfront,2026-03-01 10:06:43,2026-03-01 10:06:59,20.16,1.3,rain
e7c79787-30a5-49d3-a1bc-4c7964682a1e,Etobicoke,2026-03-01 10:06:56,2026-03-01 10:07:02,24.18,1.0,clear
ddaaa683-acf1-4351-8eef-0f555cc5a042,Midtown,2026-03-01 10:07:08,2026-03-01 10:07:13,22.44,1.0,clear
2a48e906-1fd8-4cc6-84db-7f8c59cf587d,Scarborough,2026-03-01 09:58:30,2026-03-01 10:07:18,22.12,1.5,rain
cbf5b3de-d8df-4a61-9132-91c062f12f88,NorthYork,2026-03-01 10:06:58,2026-03-01 10:07:45,12.68,1.0,clear
bc0673fc-d14e-41c6-9e24-a133b46b9194,Yorkdale,2026-03-01 10:07:32,2026-03-01 10:08:13,8.83,1.0,clear
4b8db423-b86f-4f89-86be-38046aa470d7,Yorkdale,2026-03-01 10:05:56,2026-03-01 10:08:14,22.54,1.0,clear
8c0197ec-1e77-41db-a4b7-7e977e2cccca,UnionStation,2026-03-01 10:08:17,2026-03-01 10:08:21,33.04,1.6,snow
1c144c3c-508a-4b8d-96e1-25b121dac5ed,UnionStation,2026-03-01 10:08:03,2026-03-01 10:08:32,11.18,1.0,clear
f9671aaf-0a72-4980-b85f-1a42c2462f75,Waterfront,2026-03-01 10:08:20,2026-03-01 10:08:40,11.09,1.0,clear
052b4791-b86d-4fe6-b3ca-7ab0656ee39b,UofT,2026-03-01 10:08:31,2026-03-01 10:09:02,16.61,1.0,clear
028732b8-5e40-4ee5-9be2-909d8d86363c,Scarborough,2026-03-01 10:09:45,2026-03-01 10:11:27,19.55,1.0,clear
da5e201f-22a9-4628-a2f2-524e73e00527,Airport,2026-03-01 10:09:29,2026-03-01 10:11:57,21.11,1.0,clear
76ead8e3-a555-4fc5-9cb2-e5da94806878,UnionStation,2026-03-01 10:11:17,2026-03-01 10:12:01,23.25,1.0,clear
3c2e1793-1053-487b-bb91-7af1f170fbcd,Yorkdale,2026-03-01 10:11:55,2026-03-01 10:13:53,9.21,1.0,clear
16a823f4-63bd-4cc8-b689-ac5f530f77fb,Scarborough,2026-03-01 10:14:08,2026-03-01 10:15:36,18.63,1.0,clear
9e5d4dde-ed9b-4656-b6ae-49a6d28d3317,Etobicoke,2026-03-01 10:14:02,2026-03-01 10:16:34,13.3,1.0,clear
96d7160f-8770-431a-b81b-a35b4f286266,Etobicoke,2026-03-01 10:16:55,2026-03-01 10:18:11,20.78,1.0,clear
4744786e-6b53-4fba-aa7a-64fb950c7578,NorthYork,2026-03-01 10:18:52,2026-03-01 10:19:30,18.53,1.0,clear
999e13ce-9cb9-446b-8762-4ae34bd1a7bb,UofT,2026-03-01 10:17:36,2026-03-01 10:19:56,23.71,1.0,clear
9afc3a16-1790-40c1-be00-9e2cce25818e,Yorkdale,2026-03-01 10:19:33,2026-03-01 10:20:11,9.75,1.0,clear
0d3f6e39-31e8-4fb6-bdcc-018802e68bdf,Etobicoke,2026-03-01 10:19:49,2026-03-01 10:20:29,19.77,1.0,clear
00e1781d-6a7d-481e-8878-074a7ef1c5b2,UnionStation,2026-03-01 10:19:12,2026-03-01 10:20:33,24.88,1.0,clear
54d75fee-5c16-4fe4-9ed7-7839a60b2161,Yorkdale,2026-03-01 10:18:48,2026-03-01 10:20:57,13.29,1.0,clear
4db9f1b2-26b6-4b39-b9e3-73fd0b96df77,Yorkdale,2026-03-01 10:21:27,2026-03-01 10:21:46,24.89,1.0,clear
1523caf4-428d-4d1b-ba74-942f2c82226f,Yorkdale,2026-03-01 10:21:34,2026-03-01 10:21:54,16.83,1.0,clear
042eda97-5128-4d1c-9eab-3dbfe563a262,UofT,2026-03-01 10:21:14,2026-03-01 10:22:50,37.94,1.6,snow
369ba44c-0280-4042-8463-7909b739dbe8,UofT,2026-03-01 10:21:38,2026-03-01 10:22:55,27.06,1.6,snow
3ab1bc48-905c-43c0-b55e-b59ea17196e8,Waterfront,2026-03-01 10:22:33,2026-03-01 10:23:24,19.96,1.0,clear
7ae8bdbd-3c7c-4737-b893-a132ad771204,Etobicoke,2026-03-01 10:24:37,2026-03-01 10:24:40,12.75,1.3,rain
241bcdd7-e372-483a-902c-54e094a05822,Midtown,2026-03-01 10:24:47,2026-03-01 10:25:26,16.68,1.0,clear
e50659be-c814-4dd5-962e-c3869ef0660c,Airport,2026-03-01 10:27:52,2026-03-01 10:29:25,20.23,1.0,clear
2e7767e6-8cc8-4bc1-9ce4-e1691e6732a7,Downtown,2026-03-01 10:29:05,2026-03-01 10:29:52,23.43,1.0,clear
88375d57-af26-4014-9bf3-cc940a78322f,Airport,2026-03-01 10:29:44,2026-03-01 10:30:02,17.65,1.3,rain
d9b2ebf9-a399-42dd-b251-7c5a13072c48,UnionStation,2026-03-01 10:29:57,2026-03-01 10:30:06,9.9,1.0,clear
dbc191ce-642b-4bcf-8b41-f33886dd56ea,Midtown,2026-03-01 10:29:10,2026-03-01 10:30:08,11.95,1.0,clear
c9102c5d-6f31-42a3-92a7-40c777d0d517,Downtown,2026-03-01 10:28:21,2026-03-01 10:30:48,24.13,1.6,snow
8e4a6f99-3368-4737-8813-82e6d3a5daed,Midtown,2026-03-01 10:30:39,2026-03-01 10:32:13,17.38,1.0,clear
68116d9d-7d2c-46ab-86c7-40ac857d46f0,Midtown,2026-03-01 10:33:25,2026-03-01 10:33:44,24.45,1.0,clear
b9f689dc-965b-427d-b364-2026db28adfd,NorthYork,2026-03-01 10:33:17,2026-03-01 10:34:53,9.16,1.0,clear
28ac9d61-2b94-4829-a8be-2d01d68d0cef,Scarborough,2026-03-01 10:34:46,2026-03-01 10:34:57,39.49,1.6,snow
5ee34cbb-9fb4-45a5-ad1f-af78ffcd2bb3,Waterfront,2026-03-01 10:35:25,2026-03-01 10:35:45,15.69,1.6,snow
6d473757-0e3f-401d-a8a0-bc8c77d16b68,Midtown,2026-03-01 10:34:57,2026-03-01 10:36:09,20.83,1.0,clear
e5f4b648-cf74-498b-9db4-febe8edd5ad2,Waterfront,2026-03-01 10:35:52,2026-03-01 10:36:38,20.5,1.0,clear
d5c0afe3-ac33-4633-9a31-137c4eb34324,NorthYork,2026-03-01 10:35:32,2026-03-01 10:37:05,9.03,1.0,clear
9599a949-8e55-4d8d-b7c0-90119c54a8c1,UofT,2026-03-01 10:30:28,2026-03-01 10:37:44,19.9,1.0,clear
ac333a7b-55a6-4488-a42e-3bd37f21363c,Downtown,2026-03-01 10:32:21,2026-03-01 10:38:12,18.25,1.0,clear
da7d5eea-9d6c-4d73-ba18-d2c3f67869d1,UofT,2026-03-01 10:38:08,2026-03-01 10:38:26,18.16,1.0,clear
3882e492-c7a2-4458-9e14-ebe3386480e4,UnionStation,2026-03-01 10:28:41,2026-03-01 10:38:40,14.45,1.0,clear
ed129ad7-b54e-4a38-9f2c-1c7f60b78211,NorthYork,2026-03-01 10:37:10,2026-03-01 10:38:50,25.89,1.3,rain
a583f8c1-3826-4de7-9f5b-c54f61f52eb2,UofT,2026-03-01 10:38:09,2026-03-01 10:38:50,26.59,1.3,rain
b7c5b322-9856-43f7-b14f-26aa285bab21,NorthYork,2026-03-01 10:39:16,2026-03-01 10:39:22,24.75,1.0,clear
95823165-8201-4eda-b103-ff06a5d09df3,Etobicoke,2026-03-01 10:36:46,2026-03-01 10:39:34,10.6,1.0,clear
796649be-2c5d-4023-8356-2aac2dbe1982,UnionStation,2026-03-01 10:40:20,2026-03-01 10:40:35,9.09,1.0,clear
7bb49d71-114e-47a4-ba16-150bd00eaf0d,Yorkdale,2026-03-01 10:41:06,2026-03-01 10:41:17,18.18,1.3,rain
a986b889-608f-4d80-aaff-b98c8b8bfdf6,Downtown,2026-03-01 10:40:49,2026-03-01 10:41:18,13.18,1.3,rain
423d7906-7b1d-4316-af07-c25064139692,UnionStation,2026-03-01 10:41:46,2026-03-01 10:42:44,20.33,1.0,clear
88f0c612-dce0-45e1-8be1-72ba4424bc0e,UnionStation,2026-03-01 10:35:38,2026-03-01 10:44:59,20.59,1.0,clear
71ea6db8-6a0d-445c-bbeb-23d68743537f,NorthYork,2026-03-01 10:43:36,2026-03-01 10:45:48,20.74,1.0,clear
53427f1c-7752-44ff-ba6c-7394a6df666e,Waterfront,2026-03-01 10:44:51,2026-03-01 10:46:54,14.46,1.0,clear
25cce26e-5be0-451d-8447-eb8fbb866117,NorthYork,2026-03-01 10:46:20,2026-03-01 10:47:03,12.67,1.0,clear
2751bf0f-b6fe-468c-927c-7506c0647f80,UofT,2026-03-01 10:45:39,2026-03-01 10:48:12,25.14,1.3,rain
8eef34a6-72b1-44b9-98fd-bd1938397265,Midtown,2026-03-01 10:48:10,2026-03-01 10:48:30,32.81,1.6,snow
3db445a0-9087-45b5-8a20-2eda30ed6232,Waterfront,2026-03-01 10:43:22,2026-03-01 10:49:42,24.13,1.0,clear
529bd35a-0865-4818-8338-9d250f5811ed,Etobicoke,2026-03-01 10:49:47,2026-03-01 10:50:26,15.06,1.0,clear
304ffbfc-b2b4-4a1a-95a0-4e26e1a7ea45,Scarborough,2026-03-01 10:50:13,2026-03-01 10:51:04,20.88,1.0,clear
748a398f-a74c-4cf2-b05f-a3d7edd3c9e6,Yorkdale,2026-03-01 10:52:12,2026-03-01 10:52:42,22.71,1.0,clear
716ddb0a-54af-4b1b-8f55-ebb19f98d767,Airport,2026-03-01 10:51:57,2026-03-01 10:52:46,14.36,1.0,clear
6a108ffa-f52c-43da-af34-40313f19da87,UnionStation,2026-03-01 10:52:01,2026-03-01 10:52:56,24.8,1.0,clear
07b16e30-b9b1-4daf-9c8e-5818a4d76489,Yorkdale,2026-03-01 10:52:51,2026-03-01 10:53:25,15.45,1.0,clear
87326ca4-0829-487e-b7dd-d5b72d6e0a44,Yorkdale,2026-03-01 10:53:41,2026-03-01 10:55:19,17.05,1.0,clear
36b41a7b-51f5-4d5b-b90d-0d129122d374,Yorkdale,2026-03-01 10:55:51,2026-03-01 10:56:20,20.35,1.0,clear
89607dc1-776b-41eb-b0b0-02a2f2b1464f,Airport,2026-03-01 10:56:03,2026-03-01 10:56:38,13.55,1.0,clear
e71cc091-67c7-4556-8f87-4574792b301a,Midtown,2026-03-01 10:56:15,2026-03-01 10:57:13,17.67,1.0,clear
5d2a0fd5-4ead-43f9-b2bb-062d09436f6b,Etobicoke,2026-03-01 10:55:11,2026-03-01 10:57:20,21.94,1.0,clear
c286fe8b-e0c8-4738-8ee5-63938cee3725,NorthYork,2026-03-01 10:57:40,2026-03-01 10:57:51,23.76,1.0,clear
063ed29a-7a87-4bd5-995c-158cc2c3ee05,Yorkdale,2026-03-01 09:55:55,2026-03-01 10:58:14,17.42,1.5,rain
7cc0e6f8-b9e2-4086-b71e-d54f0568572d,Scarborough,2026-03-01 10:57:58,2026-03-01 10:58:31,12.01,1.0,clear
33c2d79f-c69a-4a3f-a4e6-88882ddbcf5a,NorthYork,2026-03-01 10:57:42,2026-03-01 10:58:34,9.63,1.0,clear
043bb640-93c3-4ec6-b29b-8faaabd6768b,UofT,2026-03-01 10:58:35,2026-03-01 10:58:43,27.31,1.6,snow
2c3bdeb1-ae46-4043-9112-8bdcfd96430e,Downtown,2026-03-01 10:56:13,2026-03-01 10:59:10,18.83,1.3,rain
091eb726-0d9c-47c2-a60b-96c50f9cd149,Downtown,2026-03-01 10:58:57,2026-03-01 10:59:54,30.73,1.3,rain
1d2953e9-b817-4d7a-82c4-22bd5b2cdc01,Yorkdale,2026-03-01 10:59:42,2026-03-01 11:00:32,20.58,1.0,clear
8cb6e511-27ef-41fa-a30f-54e3cf2c7246,Midtown,2026-03-01 11:00:34,2026-03-01 11:01:10,10.16,1.0,clear
63710840-6b08-4a60-8a9c-f644fad9bb0a,Yorkdale,2026-03-01 11:01:22,2026-03-01 11:01:53,19.24,1.0,clear
aa8ac881-1bbc-4f53-be33-9cf40035a762,NorthYork,2026-03-01 11:02:28,2026-03-01 11:02:31,10.42,1.0,clear
d2c2ad03-1b9e-435d-9eb4-d2e0398a8a71,Scarborough,2026-03-01 11:05:24,2026-03-01 11:05:55,24.83,1.0,clear
444a6c29-be1d-4a8d-8906-42a738f09e16,Etobicoke,2026-03-01 11:05:17,2026-03-01 11:05:56,32.29,1.3,rain
68e775e1-d998-460b-b510-b97b3476a0d2,Yorkdale,2026-03-01 11:04:34,2026-03-01 11:06:19,10.52,1.0,clear
1bd434f0-b2e0-4737-85b7-7913e1bbe64c,NorthYork,2026-03-01 11:06:38,2026-03-01 11:06:42,8.04,1.0,clear
19a69e0e-3262-4c1c-9b2d-2af31a85919a,Midtown,2026-03-01 11:06:41,2026-03-01 11:06:45,14.77,1.0,clear
7f34aee1-36a5-48d3-bc83-8b8542051aff,UofT,2026-03-01 11:06:32,2026-03-01 11:06:45,11.55,1.0,clear
78cd0c25-3d2d-40e8-8beb-c1ccfd5f3ae7,Midtown,2026-03-01 11:06:59,2026-03-01 11:07:28,10.83,1.0,clear
a855fa58-d23d-4861-903c-8cc8657019fe,UofT,2026-03-01 11:07:18,2026-03-01 11:07:35,18.97,1.0,clear
2f32eddf-842f-4f7e-8c24-f369f60bf884,Yorkdale,2026-03-01 11:07:45,2026-03-01 11:08:12,14.2,1.0,clear
2a1e1e30-6bbf-4474-9d2b-939038837d92,UofT,2026-03-01 11:08:08,2026-03-01 11:08:16,18.3,1.0,clear
0adaa769-d5ef-4f39-8d5c-645b5cf36504,Etobicoke,2026-03-01 11:08:36,2026-03-01 11:08:37,18.57,1.0,clear
2abbebca-f457-471e-be73-ea2a0a2bf311,Midtown,2026-03-01 11:09:26,2026-03-01 11:10:07,16.15,1.0,clear
a954bfb0-3f47-44de-a977-b0cd0fc1afe9,Etobicoke,2026-03-01 11:10:12,2026-03-01 11:10:13,18.45,1.0,clear
7d114413-df39-4bf8-8cfa-dbdac252ea03,Midtown,2026-03-01 11:11:46,2026-03-01 11:12:17,24.1,1.0,clear
8c74f406-e065-461f-8203-1506d87567ba,Downtown,2026-03-01 11:13:12,2026-03-01 11:13:14,20.68,1.0,clear
6b0cee45-4753-4bdf-88ea-d5a6f789b6d9,Scarborough,2026-03-01 11:13:27,2026-03-01 11:13:42,19.55,1.3,rain
71c83c37-60d9-4493-9e58-c36eb386ffde,Downtown,2026-03-01 11:13:12,2026-03-01 11:15:54,8.59,1.0,clear
11889905-f9ef-4831-8a9d-39d9a02566b3,Waterfront,2026-03-01 11:13:53,2026-03-01 11:16:32,18.23,1.0,clear
7adf774a-4443-43ce-8b23-2f91f9726021,Midtown,2026-03-01 11:15:43,2026-03-01 11:16:58,19.93,1.0,clear
043df0bd-7bd3-4394-a91e-6cc65430601b,Airport,2026-03-01 11:16:17,2026-03-01 11:17:10,21.82,1.0,clear
52e78d1d-a015-4f41-aefa-05b55c25d81e,Yorkdale,2026-03-01 11:17:25,2026-03-01 11:17:56,22.14,1.0,clear
d14e2121-6034-44e7-b81c-67bb0b5a2d15,UofT,2026-03-01 11:14:01,2026-03-01 11:18:51,16.59,1.0,clear
51309754-9bca-48f7-991e-55fb28a79161,UnionStation,2026-03-01 11:19:20,2026-03-01 11:19:28,14.25,1.0,clear
592e335f-0ed4-4e7e-aec6-3ea1996a8eca,Midtown,2026-03-01 11:21:13,2026-03-01 11:21:16,17.14,1.0,clear
9704b079-e780-4363-98c5-2b5d3fe28301,Airport,2026-03-01 11:14:41,2026-03-01 11:22:18,9.45,1.0,clear
e14142b7-2309-4fe8-b337-3e6a9e0d8ce8,UofT,2026-03-01 11:18:23,2026-03-01 11:23:06,15.17,1.0,clear
8296a402-f3d2-4f30-bdd8-e918786f4eff,Yorkdale,2026-03-01 11:22:39,2026-03-01 11:23:08,17.1,1.0,clear
cd9f02b2-2644-4a6d-a848-9e2a9e968b4f,Midtown,2026-03-01 11:23:08,2026-03-01 11:24:04,32.41,1.3,rain
1159e2d1-aef0-4257-9474-fc6c7ccdb141,Etobicoke,2026-03-01 11:23:07,2026-03-01 11:24:08,29.21,1.3,rain
cb311fae-3865-4d62-a094-96a5b1c11e9f,Etobicoke,2026-03-01 11:23:32,2026-03-01 11:24:28,18.09,1.0,clear
7bd9a6e4-9d1e-4fa2-b84c-056ce166bf3f,Downtown,2026-03-01 11:18:57,2026-03-01 11:24:40,22.4,1.0,clear
d23d5868-63dc-47e4-8e2b-98f76f9e3ccb,UnionStation,2026-03-01 11:24:22,2026-03-01 11:24:41,30.71,1.3,rain
fa77f24c-1767-47a5-a6dd-c8208464ce11,Airport,2026-03-01 11:23:00,2026-03-01 11:25:50,11.45,1.0,clear
aa559b9a-de44-43cf-b772-0415ae629b21,Midtown,2026-03-01 11:26:20,2026-03-01 11:26:40,19.42,1.0,clear
2f565841-aa2f-41eb-a3d6-5970d6320f3b,Waterfront,2026-03-01 11:26:20,2026-03-01 11:26:51,20.73,1.6,snow
eff029c0-d3ae-4433-9433-6826371810ad,UnionStation,2026-03-01 11:26:27,2026-03-01 11:27:06,32.13,1.3,rain
8ed18f54-31d6-4f8d-b7fe-8f2cf2185812,Midtown,2026-03-01 11:27:25,2026-03-01 11:27:34,23.04,1.0,clear
2835d225-f630-4d4f-b8de-4110f3976835,Yorkdale,2026-03-01 11:25:20,2026-03-01 11:27:58,12.24,1.0,clear
f794f0e8-3fd3-4879-849c-feab0d004416,Airport,2026-03-01 11:29:13,2026-03-01 11:30:11,17.82,1.0,clear
707deeba-a352-4f2d-b2bb-d74ba9f17522,Etobicoke,2026-03-01 11:30:05,2026-03-01 11:30:21,15.24,1.0,clear
ac54bda1-0050-4d30-9e5d-9dc932a41074,Etobicoke,2026-03-01 11:31:05,2026-03-01 11:31:39,12.21,1.0,clear
cd74246b-3344-411d-bb39-f34166960b55,NorthYork,2026-03-01 11:32:32,2026-03-01 11:32:36,15.51,1.0,clear
50f573b5-c5b7-4225-9bad-ee048b6a23d8,Scarborough,2026-03-01 11:32:22,2026-03-01 11:32:41,17.18,1.0,clear
a7a7a7f7-d7ca-4c41-9d53-36b5b3bdc642,Downtown,2026-03-01 11:33:40,2026-03-01 11:33:41,19.02,1.0,clear
0182448c-67ff-4914-b82f-f6816e12f192,Etobicoke,2026-03-01 11:33:50,2026-03-01 11:33:53,15.23,1.0,clear
dbe3be13-c11a-4e5f-81d3-e0695f049646,Downtown,2026-03-01 11:33:13,2026-03-01 11:34:46,9.03,1.0,clear
c6751682-cfd7-4a25-8890-0e11a1de09c4,UofT,2026-03-01 11:34:36,2026-03-01 11:35:00,18.35,1.0,clear
80804730-6cc1-4c71-8b4d-2d6eccdb41df,Scarborough,2026-03-01 11:35:20,2026-03-01 11:35:40,12.64,1.0,clear
f0b22ba0-d930-4ad4-913a-8cb297fd1a0a,UnionStation,2026-03-01 11:36:40,2026-03-01 11:36:46,8.38,1.0,clear
8ee25fe7-6ddd-401b-a13b-6aab5b7735cf,Waterfront,2026-03-01 11:31:09,2026-03-01 11:36:49,17.75,1.3,rain
243b2b8a-8fc3-49dd-85e0-008443c4b7ab,NorthYork,2026-03-01 11:36:14,2026-03-01 11:37:34,22.1,1.6,snow
b285775a-ccb0-4b4e-abe3-70076abbccc5,UofT,2026-03-01 11:29:18,2026-03-01 11:37:43,22.68,1.3,rain
ba25f5e5-8919-4fdf-8901-9a1b591c74f4,Yorkdale,2026-03-01 11:36:39,2026-03-01 11:39:03,12.03,1.0,clear
7642e44f-e152-4f82-8bd3-f5c1a9ce29c4,NorthYork,2026-03-01 11:38:54,2026-03-01 11:39:51,18.64,1.3,rain
bda37df4-1568-4fcd-9f17-8929fab24668,UofT,2026-03-01 11:33:08,2026-03-01 11:39:56,15.25,1.0,clear
618d6f60-a988-45a4-bed7-56024c771a58,Etobicoke,2026-03-01 11:39:59,2026-03-01 11:40:26,22.65,1.0,clear
28a8d2c4-31fc-4189-a9ea-046dc4e7a4c9,Downtown,2026-03-01 11:40:06,2026-03-01 11:40:57,10.18,1.0,clear
05f7dba8-0b0a-4821-8cab-170b9e1bbbfe,Midtown,2026-03-01 11:42:37,2026-03-01 11:42:48,23.44,1.0,clear
594cd745-7442-47f3-9dee-6b1bc737c19c,Scarborough,2026-03-01 11:43:02,2026-03-01 11:43:19,20.17,1.0,clear
f587345a-bd21-48a3-b0ba-113f5d6a2c87,Etobicoke,2026-03-01 11:44:43,2026-03-01 11:44:45,9.64,1.0,clear
ae30a548-9259-43dc-9530-9b773cc70e45,Etobicoke,2026-03-01 11:44:54,2026-03-01 11:45:17,15.82,1.3,rain
5919603c-d4f5-4927-bd2b-7de4bfac0843,UofT,2026-03-01 11:43:03,2026-03-01 11:45:36,22.66,1.3,rain
f6b3478e-72ca-44e4-98c4-22ada62aa79e,Yorkdale,2026-03-01 11:44:47,2026-03-01 11:45:37,22.33,1.0,clear
5e06fd1b-6dbf-41df-b523-b07fc3bbe895,Midtown,2026-03-01 11:39:18,2026-03-01 11:45:53,16.48,1.0,clear
1d14e43e-9ca2-4bbd-a278-e0fcda1ee86c,Etobicoke,2026-03-01 11:46:08,2026-03-01 11:47:40,20.04,1.0,clear
84060c24-6882-47ca-a393-f645488e0431,UnionStation,2026-03-01 11:47:56,2026-03-01 11:48:43,24.4,1.3,rain
6641bed1-8203-4a5c-9f6a-0c4381aaaf0b,Etobicoke,2026-03-01 11:48:33,2026-03-01 11:49:29,13.64,1.0,clear
eab04d04-3602-48ee-a35b-20689a889603,Yorkdale,2026-03-01 11:48:37,2026-03-01 11:49:43,10.64,1.0,clear
825107fd-a69a-412c-a67a-a14aa4c958ce,UofT,2026-03-01 11:49:27,2026-03-01 11:49:56,16.08,1.0,clear
eeb40f61-6cb8-49db-93f6-8de139780b51,Airport,2026-03-01 11:50:10,2026-03-01 11:50:28,23.12,1.0,clear
44693155-4c90-483f-ab3e-c9b98c649ec2,UofT,2026-03-01 11:50:04,2026-03-01 11:50:38,24.26,1.0,clear
2d0a1f5e-ed87-4391-9742-8995d64b77bd,UofT,2026-03-01 11:51:07,2026-03-01 11:51:12,14.8,1.0,clear
189aabdb-d4ca-4277-a4db-4b4c4ea3b533,Midtown,2026-03-01 11:51:28,2026-03-01 11:51:54,15.43,1.3,rain
93b6a6b9-02c4-4ccf-9c72-2b5bdecb913b,Yorkdale,2026-03-01 11:51:41,2026-03-01 11:51:59,9.21,1.0,clear
83c98b73-13b9-4347-9735-99ca4f300fa9,Downtown,2026-03-01 11:52:57,2026-03-01 11:53:56,17.92,1.0,clear
5579158b-3f88-425f-ae8d-75314f0167fd,Waterfront,2026-03-01 11:54:35,2026-03-01 11:57:01,15.71,1.0,clear
2d32647d-af96-4f79-aa27-955bdf2594ce,UnionStation,2026-03-01 11:56:47,2026-03-01 11:57:32,10.99,1.0,clear
2ad06b3c-c9ea-469f-8810-2a3aa5e231c4,Midtown,2026-03-01 11:58:25,2026-03-01 11:58:49,23.28,1.0,clear
00684993-90ae-44e4-9f61-0bd6d00f828d,Yorkdale,2026-03-01 11:58:21,2026-03-01 11:58:56,15.34,1.6,snow
73ace397-f6d2-4d43-8488-186034a9a5a4,Downtown,2026-03-01 11:57:57,2026-03-01 11:58:57,14.7,1.0,clear
20cc430e-eef9-4a89-a1bc-8c4d88c016a1,Etobicoke,2026-03-01 11:49:43,2026-03-01 11:59:28,10.23,1.0,clear
fd9c8612-1a60-4043-86b2-ec1695dd2219,Airport,2026-03-01 11:59:50,2026-03-01 12:01:58,24.35,1.0,clear
8c125f8a-3bd0-4642-845a-7c5e76117aa4,Scarborough,2026-03-01 12:02:37,2026-03-01 12:03:23,17.18,1.3,rain
6b403774-41dd-4d55-8908-fbecfa7495d5,UnionStation,2026-03-01 12:03:19,2026-03-01 12:03:37,24.89,1.0,clear
7f11b9b7-6728-4ddc-a23f-71d2b4d7fa88,Waterfront,2026-03-01 11:55:04,2026-03-01 12:03:50,28.57,1.3,rain
0edc9926-54b7-4bdc-a50b-f500fa40d1dc,Etobicoke,2026-03-01 12:04:12,2026-03-01 12:04:12,22.04,1.0,clear
2d7300fd-1382-4d65-9316-74a6e0f84f69,Downtown,2026-03-01 12:04:21,2026-03-01 12:04:47,26.64,1.3,rain
4fcd3dc2-0010-4129-86d6-5ebbf9c79908,Midtown,2026-03-01 12:04:09,2026-03-01 12:05:11,23.65,1.0,clear
6d35f6f9-e1e6-4d25-9e66-e86ea2e147ea,UofT,2026-03-01 12:04:43,2026-03-01 12:05:17,17.24,1.0,clear
ac5f5ddb-3d8e-41d8-9986-1dbd8351d95f,Etobicoke,2026-03-01 12:05:40,2026-03-01 12:06:53,16.3,1.3,rain
85c6a196-5bdf-4c14-b2d2-f1b88196323f,Downtown,2026-03-01 12:06:41,2026-03-01 12:07:40,11.02,1.0,clear
8611272b-5e84-4627-abdd-3d591892808c,Scarborough,2026-03-01 12:08:04,2026-03-01 12:08:15,18.47,1.0,clear
656eec81-bb5d-419e-99ef-34e3f70701cb,Airport,2026-03-01 12:08:44,2026-03-01 12:09:32,27.54,1.3,rain
d0ab5394-4af8-4a96-a529-c6be145557d5,Downtown,2026-03-01 12:09:03,2026-03-01 12:09:49,9.66,1.0,clear
6f2a90a4-5951-4739-a53a-20c95b259e75,NorthYork,2026-03-01 12:10:17,2026-03-01 12:10:20,12.05,1.0,clear
079c000d-f262-4a4f-b7f3-1e52d644267d,Downtown,2026-03-01 12:09:18,2026-03-01 12:11:52,24.65,1.0,clear
39a54e33-43a2-4fd9-9603-320a1110ac39,Scarborough,2026-03-01 12:10:29,2026-03-01 12:13:20,19.61,1.3,rain
ee92032f-8091-4269-9815-80b92a197002,UofT,2026-03-01 12:13:27,2026-03-01 12:13:43,12.24,1.0,clear
e48a1970-b877-4578-b8ea-75685d500e5a,NorthYork,2026-03-01 12:14:28,2026-03-01 12:15:14,15.19,1.3,rain
2bec40c5-9e12-420b-8963-6cda4824c55b,UnionStation,2026-03-01 12:15:18,2026-03-01 12:15:34,14.1,1.0,clear
f5777f0f-4537-42b0-95ad-a6c7ca296343,NorthYork,2026-03-01 12:15:50,2026-03-01 12:16:40,16.08,1.0,clear
e32e17b7-9fba-4fba-abad-520657232bce,UofT,2026-03-01 12:16:55,2026-03-01 12:17:51,16.74,1.3,rain
1e39a3ce-b325-4874-a48c-8d4f7f4a104b,NorthYork,2026-03-01 12:18:04,2026-03-01 12:18:59,22.59,1.0,clear
7ceb0c3a-2a6e-4dec-86c2-54bb927e414d,Midtown,2026-03-01 12:19:12,2026-03-01 12:19:22,14.28,1.0,clear
449849f1-682d-4bfc-9ed1-6688cdb1f9eb,Airport,2026-03-01 12:11:57,2026-03-01 12:19:29,34.17,1.6,snow
d3224290-1467-4f17-8156-4b47ac03f01b,Yorkdale,2026-03-01 12:19:10,2026-03-01 12:19:53,9.12,1.0,clear
ff305e84-71a5-422f-bdca-8e6aa79ceac0,UofT,2026-03-01 12:20:24,2026-03-01 12:20:40,13.31,1.0,clear
67273471-3be4-406e-b3e4-8daa107a32b2,Yorkdale,2026-03-01 12:20:53,2026-03-01 12:21:38,13.3,1.3,rain
f5163315-85ac-40bb-b775-cd28d9bc0a80,Yorkdale,2026-03-01 12:19:35,2026-03-01 12:22:24,22.48,1.0,clear
eb0cd437-ee8a-4b0b-bb1d-b89f15d00573,Waterfront,2026-03-01 12:21:44,2026-03-01 12:22:24,24.48,1.0,clear
81f3129f-c1fe-4595-8dcc-0228fbd58ae6,Waterfront,2026-03-01 12:24:17,2026-03-01 12:25:09,38.4,1.6,snow
e20ec8b4-66c6-4b90-aeb1-68dc8c45f55a,Etobicoke,2026-03-01 12:27:25,2026-03-01 12:27:56,24.61,1.6,snow
3c7f96e9-97a2-41da-bbc7-9799b3e0d2d7,Airport,2026-03-01 12:27:49,2026-03-01 12:28:04,18.37,1.0,clear
6aed5083-e076-4375-82b7-be503d487cde,Airport,2026-03-01 12:27:32,2026-03-01 12:28:31,19.26,1.0,clear
c9bbe1d8-4746-4ed7-a131-b3bb29cfb62c,Scarborough,2026-03-01 12:29:27,2026-03-01 12:29:30,25.1,1.3,rain
3f1b37e3-cef2-463b-8b39-cbaf9bd6e637,Midtown,2026-03-01 12:26:18,2026-03-01 12:30:26,13.58,1.0,clear
cfa2c2ed-cb0f-4e8e-bfca-e97f327ba696,Midtown,2026-03-01 12:30:33,2026-03-01 12:32:51,13.87,1.3,rain
bdcbfd42-476d-4c83-947e-5b0b60ddaf4f,Yorkdale,2026-03-01 12:32:37,2026-03-01 12:33:29,10.88,1.0,clear
c48b1425-8e86-4fba-89df-96091c0ac3c7,Scarborough,2026-03-01 12:33:29,2026-03-01 12:34:15,22.86,1.0,clear
50306c0f-1f90-499d-bb11-506c9bc6013d,Etobicoke,2026-03-01 12:34:28,2026-03-01 12:34:43,16.75,1.0,clear
5eb038f2-69c5-4247-96c6-8351f928b8b1,Waterfront,2026-03-01 12:33:57,2026-03-01 12:34:56,24.24,1.0,clear
4252194f-2431-46a0-9832-5efdb3d3b2f2,Etobicoke,2026-03-01 12:35:27,2026-03-01 12:35:46,16.39,1.0,clear
136df828-1a82-4a13-8bee-c9260fbaca7a,Airport,2026-03-01 12:35:53,2026-03-01 12:36:28,15.94,1.3,rain
bfddc7cf-0fc2-4b3c-957e-30c274cf3d3b,Airport,2026-03-01 12:37:23,2026-03-01 12:38:12,10.84,1.0,clear
75e95f43-39a5-48b7-a1cb-68ba913e1408,Scarborough,2026-03-01 12:37:37,2026-03-01 12:38:23,21.97,1.0,clear
b8b9df28-bd23-40e3-93e7-ff8883f058bd,Scarborough,2026-03-01 12:33:56,2026-03-01 12:38:32,14.41,1.0,clear
3167a4f6-b100-4e0e-8725-c24753e89520,UofT,2026-03-01 12:38:43,2026-03-01 12:38:51,25.63,1.3,rain
b74fa8c0-eae3-4360-94a7-31f53bdfc786,Downtown,2026-03-01 12:33:34,2026-03-01 12:40:12,20.53,1.6,snow
e3b2e039-0581-4d3a-a362-2e48d1795837,Airport,2026-03-01 12:41:28,2026-03-01 12:42:27,25.79,1.3,rain
ffa0e15c-c179-4ab2-ad94-e361065a843f,Etobicoke,2026-03-01 12:40:56,2026-03-01 12:43:51,39.64,1.6,snow
7f4b763a-e138-4df0-8e0b-15625836f97f,Downtown,2026-03-01 12:42:26,2026-03-01 12:44:04,19.34,1.0,clear
161747ce-30bc-41ab-a3e0-01285aacba52,UnionStation,2026-03-01 12:43:59,2026-03-01 12:44:12,9.92,1.0,clear
e9e86fd1-bb53-4f63-96f7-4cd97a8bb3d2,UnionStation,2026-03-01 12:43:43,2026-03-01 12:44:15,11.07,1.0,clear
c65c6918-1766-4a86-a022-3e381a34f13e,UofT,2026-03-01 12:41:45,2026-03-01 12:44:37,22.92,1.0,clear
2e679deb-9f6d-4d9a-b137-e8ab9469ecc4,Scarborough,2026-03-01 12:49:39,2026-03-01 12:50:19,22.36,1.0,clear
847ef249-1311-4ccf-9a02-cc5e20ada17f,Downtown,2026-03-01 12:49:30,2026-03-01 12:50:24,13.95,1.0,clear
d4f5c8ad-3023-4fef-9146-d158ba423df4,Yorkdale,2026-03-01 12:50:10,2026-03-01 12:51:17,30.19,1.6,snow
1f5f7e46-ee6c-4546-bf7e-d1695f3d1380,Scarborough,2026-03-01 12:50:55,2026-03-01 12:51:51,23.08,1.0,clear
8c66e2df-2534-47b9-8262-bda4cf64c083,Midtown,2026-03-01 12:49:39,2026-03-01 12:52:17,12.26,1.0,clear
d2efd649-2aab-46c2-815b-4b4cf2f01a54,UnionStation,2026-03-01 12:52:26,2026-03-01 12:52:50,35.67,1.6,snow
78ee1c0b-84f5-4e21-b7f1-7ed722ea5056,Waterfront,2026-03-01 12:53:00,2026-03-01 12:53:31,16.83,1.0,clear
b1cc1854-82a9-4552-b93a-fb97bf0a07dc,NorthYork,2026-03-01 12:51:49,2026-03-01 12:54:44,19.68,1.0,clear
4c9747da-0cf4-4605-ab86-6f0177a753b3,Yorkdale,2026-03-01 12:53:59,2026-03-01 12:54:59,32.1,1.6,snow
8a04c630-2e31-4eec-a31d-06dfd4f71c4d,Downtown,2026-03-01 12:56:02,2026-03-01 12:56:46,16.31,1.3,rain
9be4b912-ee65-41e0-9d34-af1f3db19b2c,Scarborough,2026-03-01 12:57:45,2026-03-01 12:58:31,20.5,1.3,rain
0f980e5b-a8a1-46ef-ab0b-844e0e7b43a1,Midtown,2026-03-01 12:54:42,2026-03-01 12:58:32,19.74,1.3,rain
4ee3e45b-7e1a-421b-91c6-dc3c679d9f30,Yorkdale,2026-03-01 12:58:45,2026-03-01 12:59:25,28.12,1.3,rain
33474785-47c2-45e8-bc42-2340e86e0955,UofT,2026-03-01 13:01:05,2026-03-01 13:01:06,15.15,1.0,clear
3de65053-ce86-4795-a3e0-b51b614a9e4b,Midtown,2026-03-01 12:59:47,2026-03-01 13:01:24,24.0,1.0,clear
ff681c8b-e678-4dea-86a7-50d1f906708b,UofT,2026-03-01 13:01:58,2026-03-01 13:02:09,29.91,1.3,rain
0beff0ee-956e-44e8-925c-229568dcd34e,Waterfront,2026-03-01 13:02:19,2026-03-01 13:02:34,13.05,1.0,clear
97ed6387-9690-4486-a30d-3adccaf1685a,UnionStation,2026-03-01 13:02:32,2026-03-01 13:02:45,15.21,1.3,rain
476df3c9-e268-4faf-9fd4-ef2db7469a53,UnionStation,2026-03-01 13:00:33,2026-03-01 13:04:16,14.13,1.0,clear
f9fa8299-f92f-4d31-a846-c2e2877cafa2,Yorkdale,2026-03-01 13:03:22,2026-03-01 13:04:18,16.21,1.0,clear
f1fa4a7f-d15c-4521-8d99-3b9718c06c44,Airport,2026-03-01 13:03:08,2026-03-01 13:04:31,22.29,1.0,clear
7495d260-e60c-485a-9e0b-ac823c0166d5,Scarborough,2026-03-01 13:02:54,2026-03-01 13:04:40,24.75,1.0,clear
2b64f9f8-1b70-4e94-a5d9-b9328f9d7feb,Midtown,2026-03-01 13:05:09,2026-03-01 13:05:15,30.75,1.3,rain
0f5e56a9-948b-42de-bb9b-0526a70601e0,UnionStation,2026-03-01 13:04:27,2026-03-01 13:05:17,16.72,1.0,clear
421002eb-1811-4891-94e8-6c613fce8e39,Waterfront,2026-03-01 13:05:18,2026-03-01 13:05:40,22.92,1.0,clear
40c9154d-86cd-42e6-b692-b4724a110baf,Waterfront,2026-03-01 13:00:43,2026-03-01 13:06:45,15.13,1.0,clear
db6a8032-c70f-40a0-9ee9-c07313d2dbde,Etobicoke,2026-03-01 13:07:03,2026-03-01 13:07:04,10.28,1.0,clear
71aad02a-7c89-4532-b406-d28a5d99dd9f,Downtown,2026-03-01 13:06:42,2026-03-01 13:07:31,10.84,1.0,clear
68b3e79b-8df6-440c-b631-4d5db09a3892,Etobicoke,2026-03-01 13:08:45,2026-03-01 13:09:03,14.28,1.0,clear
ad5c2b7e-d5ce-45a1-88be-5f0ece1e228e,Downtown,2026-03-01 13:06:50,2026-03-01 13:09:34,13.49,1.0,clear
deaaf65e-82b3-48f1-bd4b-36d91ba78cd0,Yorkdale,2026-03-01 13:07:07,2026-03-01 13:09:34,11.28,1.3,rain
e6cf9ab2-1896-4596-b998-d63d4d979964,Etobicoke,2026-03-01 13:09:09,2026-03-01 13:09:50,22.99,1.0,clear
36a5672b-267b-405f-96f2-847bc75c3310,Yorkdale,2026-03-01 13:13:20,2026-03-01 13:13:21,15.04,1.0,clear
9f26128e-4420-409c-ba79-467d95621c8c,UnionStation,2026-03-01 13:13:22,2026-03-01 13:13:36,16.54,1.0,clear
d840af28-656f-4a20-8b8a-c1a03b15b12e,Scarborough,2026-03-01 13:14:35,2026-03-01 13:15:01,29.15,1.3,rain
ac591d7b-4900-4a11-8ae2-cee64f212f24,Downtown,2026-03-01 13:15:08,2026-03-01 13:15:31,15.91,1.0,clear
1b833a96-1b42-4e3c-8809-7b882393491a,Waterfront,2026-03-01 13:17:03,2026-03-01 13:17:15,13.55,1.0,clear
11870a22-aaad-4223-86b7-59d6a95c8cfd,Waterfront,2026-03-01 13:17:24,2026-03-01 13:17:24,18.04,1.0,clear
4d78d80c-a7c3-4728-993f-57889a1ca928,Airport,2026-03-01 13:18:15,2026-03-01 13:19:17,24.23,1.0,clear
aaecd53f-dea5-4b8b-8322-c296a34ee044,Etobicoke,2026-03-01 13:19:03,2026-03-01 13:19:26,8.87,1.0,clear
ac8a2185-55b6-4be5-a904-46d79273d965,Airport,2026-03-01 13:20:05,2026-03-01 13:20:08,15.08,1.0,clear
b3a059de-0312-4189-8037-7d9193683585,Airport,2026-03-01 13:21:25,2026-03-01 13:21:38,27.2,1.3,rain
18848d86-2841-492e-80a3-caa7dd49ec63,NorthYork,2026-03-01 13:22:57,2026-03-01 13:23:01,18.91,1.0,clear
120da6ac-8fe6-45ef-a98a-dd956042be22,UnionStation,2026-03-01 13:22:56,2026-03-01 13:23:31,15.4,1.3,rain
7a0d845b-05e2-4d91-b8e2-987b8893422e,NorthYork,2026-03-01 13:22:27,2026-03-01 13:23:45,15.89,1.0,clear
7663518a-a444-4b8d-be2f-a9cf9697df91,Yorkdale,2026-03-01 13:24:25,2026-03-01 13:24:54,9.58,1.0,clear
3e0bf9cb-5c06-49dc-bd5e-53ccafdcc58c,NorthYork,2026-03-01 13:25:11,2026-03-01 13:25:12,9.84,1.0,clear
a70511cb-253b-4b20-ab71-9fb88084d9a1,Airport,2026-03-01 13:25:19,2026-03-01 13:25:29,22.62,1.0,clear
955412b3-f731-4c60-b00e-159e0a10a64a,Waterfront,2026-03-01 13:25:51,2026-03-01 13:26:10,21.22,1.0,clear
4d8ec6d6-adba-44df-95e2-0cdcff1c8891,Midtown,2026-03-01 13:25:54,2026-03-01 13:26:17,20.57,1.0,clear
93464be9-85ec-40e6-bf49-7c2238515946,Yorkdale,2026-03-01 13:27:22,2026-03-01 13:27:45,10.61,1.0,clear
e615520e-99df-40a0-a03c-14c6013f7f3a,Downtown,2026-03-01 13:26:02,2026-03-01 13:28:05,14.99,1.0,clear
7abacda9-96f2-4f58-9547-43cd0c86896f,Yorkdale,2026-03-01 13:27:29,2026-03-01 13:28:24,9.46,1.0,clear
c5e43390-0776-47c9-b54f-d5ef07830c27,Midtown,2026-03-01 13:20:18,2026-03-01 13:28:53,8.22,1.0,clear
20d035d4-6853-484e-8039-83e3005c00f3,UnionStation,2026-03-01 13:29:31,2026-03-01 13:30:02,8.22,1.0,clear
ffc46a12-5a8f-466e-a6dd-41596470b0e7,UofT,2026-03-01 13:31:44,2026-03-01 13:31:51,15.18,1.3,rain
93663ced-574f-47db-97ed-e91da9559a29,Midtown,2026-03-01 13:31:45,2026-03-01 13:31:51,17.93,1.0,clear
4d409819-07ce-49b7-b1d2-dc2fedbf4fbe,Yorkdale,2026-03-01 13:30:08,2026-03-01 13:32:20,13.21,1.0,clear
24b7db88-f3ec-4507-a65e-18cc7988f731,Yorkdale,2026-03-01 13:32:57,2026-03-01 13:33:06,18.28,1.0,clear
43ccaed0-af14-4619-bfee-05b8332c5335,Waterfront,2026-03-01 13:32:34,2026-03-01 13:33:19,10.61,1.3,rain
51cda6b0-8a9b-4f5a-8819-efee1b8ce080,Yorkdale,2026-03-01 13:33:15,2026-03-01 13:33:21,23.32,1.0,clear
8e4ead56-ac44-41b8-a58f-9b1449ae7048,UofT,2026-03-01 13:33:43,2026-03-01 13:34:23,28.6,1.6,snow
a8b31a37-d393-4f6d-b9a4-477d02e34dee,Downtown,2026-03-01 13:35:03,2026-03-01 13:35:43,14.61,1.3,rain
eacba51c-3671-4ebc-8720-b41b9c1977d2,Waterfront,2026-03-01 13:35:05,2026-03-01 13:35:59,17.23,1.0,clear
027781ba-5583-4040-a4cf-9a08fc72ff19,Waterfront,2026-03-01 13:36:37,2026-03-01 13:37:37,12.88,1.3,rain
e6bdae5b-b6a3-4853-add2-608cd8b58d0a,Downtown,2026-03-01 13:37:29,2026-03-01 13:37:59,20.21,1.3,rain
b3aad79c-494f-4fca-a7b0-5e554263ee65,Yorkdale,2026-03-01 13:37:43,2026-03-01 13:38:27,23.7,1.0,clear
e72149f5-af00-467c-8f99-5b74399c7c09,UofT,2026-03-01 13:38:34,2026-03-01 13:38:36,29.72,1.6,snow
f3a039f4-1ed3-4798-b1b0-4a23975a02f2,Waterfront,2026-03-01 13:37:40,2026-03-01 13:38:51,9.14,1.0,clear
fc73de00-b17d-4c7f-a941-44bc230c8ef2,Airport,2026-03-01 13:39:06,2026-03-01 13:39:47,21.16,1.3,rain
a91c8caa-986a-46c1-92ae-42fd1bb743ff,Midtown,2026-03-01 13:39:00,2026-03-01 13:39:50,22.27,1.0,clear
dd5564e1-31b8-450d-af73-f1ac10efde2e,UnionStation,2026-03-01 13:40:00,2026-03-01 13:40:23,16.48,1.3,rain
7c85c4c3-a003-4c8f-ae30-5a1a368e78da,UnionStation,2026-03-01 13:40:19,2026-03-01 13:40:50,20.79,1.0,clear
87f43e91-f3fb-40c7-a09a-00fc127f74ae,UnionStation,2026-03-01 13:41:38,2026-03-01 13:41:45,21.3,1.0,clear
8dfce5d6-ede3-4489-a56f-6f1cab75fb60,UnionStation,2026-03-01 13:40:36,2026-03-01 13:41:51,10.26,1.0,clear
1210ec0d-18a4-4e96-947a-b8bf9eb56fdf,Etobicoke,2026-03-01 13:41:18,2026-03-01 13:42:17,15.51,1.0,clear
3c1288f0-6f8d-4f24-97ec-6593bea69805,Yorkdale,2026-03-01 13:42:12,2026-03-01 13:43:13,22.27,1.0,clear
a8977dd9-6ea3-4d09-84b4-c6686708d984,UofT,2026-03-01 13:37:34,2026-03-01 13:43:45,23.98,1.0,clear
58ec3b20-3112-45f7-a464-2ae07abc7ed5,Waterfront,2026-03-01 13:44:04,2026-03-01 13:44:11,17.34,1.0,clear
90fcdba0-b856-4bcf-b51a-687198bd85d9,UofT,2026-03-01 13:44:14,2026-03-01 13:44:54,13.34,1.3,rain
641ae87e-d1bc-4899-b3b6-f43c679fbc82,NorthYork,2026-03-01 13:45:59,2026-03-01 13:46:00,9.41,1.0,clear
758b517d-9475-45aa-ba8b-872aabbad843,Downtown,2026-03-01 13:44:34,2026-03-01 13:46:58,14.32,1.0,clear
a1de6aa1-ef20-4e7d-bbae-b0dc36fb255b,Waterfront,2026-03-01 13:45:08,2026-03-01 13:47:45,16.59,1.0,clear
87516134-408f-4ab3-9271-4a44db8c50f0,NorthYork,2026-03-01 13:48:12,2026-03-01 13:48:13,15.98,1.3,rain
768a5030-f9a6-43c0-941a-a67bca8b4152,UnionStation,2026-03-01 13:47:08,2026-03-01 13:48:47,14.28,1.3,rain
0d757e94-3839-4584-ba7c-78ed15474b8b,Scarborough,2026-03-01 13:50:27,2026-03-01 13:50:29,23.33,1.3,rain
6f502d76-3625-4b4a-ba87-b085e8828113,UnionStation,2026-03-01 13:48:20,2026-03-01 13:50:30,30.56,1.3,rain
a06766eb-c308-49dc-b2ac-5a93714f6b43,Waterfront,2026-03-01 13:51:08,2026-03-01 13:51:14,18.99,1.0,clear
55748547-b95e-47a4-bec5-7b8e7efe9130,UnionStation,2026-03-01 13:50:16,2026-03-01 13:51:26,28.04,1.3,rain
4dddda41-1d0c-46cb-b4dd-baa35e790f41,Yorkdale,2026-03-01 13:51:13,2026-03-01 13:51:50,31.82,1.3,rain
a09c64bf-fac5-4174-9313-0c45e34b02e9,Scarborough,2026-03-01 13:52:38,2026-03-01 13:52:45,19.17,1.3,rain
e020b79a-0281-4440-b634-020cf1823405,Airport,2026-03-01 13:52:38,2026-03-01 13:52:49,14.94,1.0,clear
c41de8ed-40e0-4901-93b1-edb89c17f855,Yorkdale,2026-03-01 13:52:05,2026-03-01 13:52:55,16.59,1.0,clear
436ae6c7-a6fd-49ea-ab91-888fde89a608,Midtown,2026-03-01 13:53:00,2026-03-01 13:53:06,27.34,1.6,snow
b2038a6c-83bc-4a0d-90af-4d6cd5e3736a,Etobicoke,2026-03-01 13:52:48,2026-03-01 13:53:20,26.27,1.6,snow
11bf2bbe-7d77-4768-be2f-e5601784e0d3,UnionStation,2026-03-01 13:53:07,2026-03-01 13:53:40,20.31,1.0,clear
5a87e377-126a-4cf6-a8c6-413f5bb0d066,Airport,2026-03-01 13:53:43,2026-03-01 13:53:50,34.79,1.6,snow
6ac9644b-e700-4088-badb-f1a3b625e284,Etobicoke,2026-03-01 13:53:32,2026-03-01 13:53:56,16.07,1.0,clear
43ec03bf-2068-4dd8-9720-266bbaee20e2,UnionStation,2026-03-01 13:53:09,2026-03-01 13:55:00,12.08,1.0,clear
62a70546-3e56-4f94-aef4-2223aa1af710,Waterfront,2026-03-01 13:54:00,2026-03-01 13:55:00,24.06,1.0,clear
86434aaf-0405-494e-ab23-624d1cc78da4,Airport,2026-03-01 13:54:56,2026-03-01 13:55:22,36.54,1.6,snow
f3925256-d5aa-49c7-a0a3-a36a5446dae0,Airport,2026-03-01 13:54:12,2026-03-01 13:55:29,21.89,1.0,clear
0fd00027-19f0-483c-81e3-a4aab8031639,Downtown,2026-03-01 13:50:44,2026-03-01 13:55:33,34.28,1.6,snow
ba6c4055-3778-4c2e-bf26-f15cd0375f48,UofT,2026-03-01 13:58:03,2026-03-01 13:58:14,15.52,1.0,clear
f3adcea6-a50e-4d5b-9231-43cb2b3b6664,UnionStation,2026-03-01 13:57:42,2026-03-01 13:59:15,24.12,1.0,clear
fa93a7ba-3fc1-4374-a99b-a19ac2070b9b,Airport,2026-03-01 13:58:44,2026-03-01 13:59:29,14.96,1.0,clear
07f5ccca-d321-4d3c-8e76-eff6801d7fd9,Airport,2026-03-01 13:59:03,2026-03-01 13:59:52,14.44,1.0,clear
3f461cc7-1fdf-41be-835d-f90aaf06d191,Yorkdale,2026-03-01 13:56:12,2026-03-01 13:59:57,20.79,1.0,clear
601e7e65-33fd-43c0-936e-54c36beab936,Etobicoke,2026-03-01 13:59:37,2026-03-01 14:00:04,21.86,1.3,rain
18123795-55fc-4ccb-84f4-86e6ab24881f,UofT,2026-03-01 14:00:18,2026-03-01 14:00:52,14.45,1.0,clear
eb2574ae-ce68-4b73-b650-d13be9efdce6,Downtown,2026-03-01 13:55:40,2026-03-01 14:01:39,14.81,1.3,rain
a972126d-c244-4a5a-99e8-2e89a368e61e,UofT,2026-03-01 13:58:56,2026-03-01 14:01:53,9.21,1.0,clear
4cd7b0f1-96b2-46fb-89d8-8c8c6b4646f6,UofT,2026-03-01 14:02:18,2026-03-01 14:02:22,14.89,1.3,rain
1b6b76de-acb3-426f-9e22-95ce5db296c0,NorthYork,2026-03-01 14:02:59,2026-03-01 14:03:02,19.21,1.0,clear
02ffe3d7-f315-41a1-8800-338f04a60940,Etobicoke,2026-03-01 13:59:34,2026-03-01 14:03:03,12.87,1.0,clear
da81bfd8-69ec-433d-9b27-8b99da488f26,NorthYork,2026-03-01 14:04:27,2026-03-01 14:05:04,22.85,1.0,clear
94396cbd-2216-46d4-aed7-2de4608d3785,Scarborough,2026-03-01 14:04:38,2026-03-01 14:05:29,31.62,1.6,snow
49f70615-5cad-4f2c-bc78-8034cb43009e,Etobicoke,2026-03-01 14:00:18,2026-03-01 14:05:48,20.24,1.6,snow
bad87793-ef9f-4991-9143-820f62ea8baa,Midtown,2026-03-01 14:06:29,2026-03-01 14:06:47,21.02,1.0,clear
318b7848-5811-44c2-bbab-15aeca79c44d,UofT,2026-03-01 14:06:25,2026-03-01 14:07:13,11.29,1.0,clear
13278c42-a487-4cc6-b9ab-8724a51176ca,Yorkdale,2026-03-01 13:59:11,2026-03-01 14:08:20,21.83,1.0,clear
f274697f-ef4c-41ed-90b6-6e20b169a8d9,UofT,2026-03-01 14:09:57,2026-03-01 14:10:40,25.32,1.3,rain
e75144ec-826f-407f-a1ca-7c49dc1f7134,Midtown,2026-03-01 14:10:11,2026-03-01 14:10:50,19.19,1.0,clear
98ccc262-f21f-43d2-a76f-a7b20b3e6657,Airport,2026-03-01 14:10:31,2026-03-01 14:10:54,22.46,1.0,clear
e112d26a-a8c0-442e-912b-6fee138b87ad,Yorkdale,2026-03-01 14:08:59,2026-03-01 14:11:18,13.91,1.0,clear
e3be04c6-0ea9-4655-847e-bf7729dd38ce,UofT,2026-03-01 14:13:16,2026-03-01 14:13:43,28.4,1.3,rain
a04f8ee6-0132-4a37-8341-538825fc8fa4,UnionStation,2026-03-01 14:12:11,2026-03-01 14:14:07,16.27,1.0,clear
49947900-6f54-482a-b315-e280ad58247a,Waterfront,2026-03-01 14:13:49,2026-03-01 14:14:11,19.52,1.0,clear
81f4fd78-3c97-47ae-b371-5eba846c240a,Midtown,2026-03-01 14:06:47,2026-03-01 14:14:37,18.32,1.0,clear
0f68655f-b431-4e32-bc01-f82447202ae0,UofT,2026-03-01 14:14:29,2026-03-01 14:14:41,26.63,1.3,rain
3e7e873b-c8d1-4fb6-a832-53e8f13ad791,Etobicoke,2026-03-01 14:12:46,2026-03-01 14:15:34,27.99,1.3,rain
d51b3290-88f6-44d4-aca4-efeadaeb9afc,Yorkdale,2026-03-01 14:14:52,2026-03-01 14:15:38,16.13,1.0,clear
75d7516f-8ef4-496f-ae17-8ea23fda8289,NorthYork,2026-03-01 14:16:21,2026-03-01 14:16:26,31.37,1.3,rain
3bd27995-613b-4185-a90f-67f971a0d4bc,Airport,2026-03-01 14:14:08,2026-03-01 14:16:49,13.07,1.0,clear
08e2fe2f-e0c6-41eb-960a-eaf6d2287319,Midtown,2026-03-01 14:17:25,2026-03-01 14:17:54,26.6,1.3,rain
6bf0101f-27f1-445e-bede-ae342a58edae,UofT,2026-03-01 14:17:52,2026-03-01 14:17:56,18.67,1.0,clear
c288c6ea-25d3-4111-aa8f-d5c975dba2c3,UofT,2026-03-01 14:18:15,2026-03-01 14:18:33,21.55,1.3,rain
d884ae1a-6085-4534-9a5f-02ad37de485e,UnionStation,2026-03-01 14:09:16,2026-03-01 14:19:11,21.44,1.3,rain
c9076912-a7e0-41c1-a0b5-c60365a745d0,Scarborough,2026-03-01 14:19:55,2026-03-01 14:19:56,20.4,1.3,rain
1c94ed3f-b161-4756-9c0a-a7bc375d86dc,Yorkdale,2026-03-01 14:20:45,2026-03-01 14:21:40,9.43,1.0,clear
f67506af-264f-4188-99ea-096174049bbb,Etobicoke,2026-03-01 14:21:53,2026-03-01 14:22:23,13.94,1.3,rain
73edf789-5b52-4ad4-9d16-96ba6145c12c,NorthYork,2026-03-01 14:22:53,2026-03-01 14:22:54,8.24,1.0,clear
e320c3c5-41ae-4bbe-a31a-ca513318af70,UofT,2026-03-01 14:22:53,2026-03-01 14:23:04,10.94,1.0,clear
2203f864-1a00-4aa5-b99f-3e4962d114e4,Midtown,2026-03-01 14:20:48,2026-03-01 14:23:25,35.41,1.6,snow
c1ae6b12-bc1b-4c25-976a-c2aa93500f5d,Waterfront,2026-03-01 14:21:24,2026-03-01 14:23:34,16.09,1.0,clear
202ce7d0-d4d2-40c9-a0d2-89ab771eed2b,Etobicoke,2026-03-01 14:22:28,2026-03-01 14:23:49,20.6,1.0,clear
9e220612-047f-4458-a64b-7a4b79414498,Etobicoke,2026-03-01 14:14:56,2026-03-01 14:23:54,12.8,1.0,clear
a34d9486-8d2d-44fd-b3c2-81594b1a3041,Midtown,2026-03-01 14:24:02,2026-03-01 14:24:15,23.48,1.0,clear
0aac432c-a091-49d3-9f58-0a3b020c0e41,Downtown,2026-03-01 14:24:39,2026-03-01 14:25:21,26.61,1.6,snow
95fb3657-5885-4045-a3e1-8b1661f6b522,NorthYork,2026-03-01 14:25:49,2026-03-01 14:25:55,19.89,1.3,rain
0f7749b8-4b10-4e5a-9865-7cfc81d7bd53,UnionStation,2026-03-01 14:21:28,2026-03-01 14:26:29,15.39,1.0,clear
909c73dd-7a38-43a0-bc38-431c04e65f70,Etobicoke,2026-03-01 14:27:08,2026-03-01 14:27:46,9.1,1.0,clear
4d59970e-51ee-4adf-9233-c8dddfe1531e,Midtown,2026-03-01 14:28:01,2026-03-01 14:28:22,17.57,1.0,clear
a0d2ca5d-3f60-4138-8b11-4e44b7ceb04c,Airport,2026-03-01 14:25:36,2026-03-01 14:28:51,12.42,1.0,clear
a128cb99-4e22-4a00-afb6-32c8248fcb22,UofT,2026-03-01 14:28:20,2026-03-01 14:29:08,24.52,1.0,clear
963ad88a-6c9e-4e7e-bf8e-7a07cd2d5b6d,Midtown,2026-03-01 14:26:30,2026-03-01 14:29:18,9.73,1.0,clear
12f2a5ee-5075-49aa-94c4-c79eae4af829,NorthYork,2026-03-01 14:29:22,2026-03-01 14:29:26,21.88,1.0,clear
a6747b48-ef7b-4f62-ba4d-1b8dd55ae90e,Airport,2026-03-01 14:29:23,2026-03-01 14:29:48,21.04,1.0,clear
537adbf8-690c-4442-a76c-645921e73322,Waterfront,2026-03-01 14:30:54,2026-03-01 14:31:44,8.09,1.0,clear
b69933db-65e1-42b7-b917-69174dbdfb7a,UnionStation,2026-03-01 14:30:05,2026-03-01 14:31:54,12.09,1.0,clear
23d5e9ff-4bc3-47b5-bbeb-0bc498e8b183,UofT,2026-03-01 14:25:44,2026-03-01 14:31:55,11.73,1.3,rain
9c7a2539-37ce-4390-b032-9e51c49d872f,NorthYork,2026-03-01 14:32:02,2026-03-01 14:32:50,15.39,1.0,clear
377601fb-4cc7-4112-bcc9-10623fac7bbc,UofT,2026-03-01 14:32:21,2026-03-01 14:32:51,26.39,1.3,rain
ad4a17e6-fd00-4eed-825d-635d92d94220,Scarborough,2026-03-01 14:32:34,2026-03-01 14:33:21,17.96,1.0,clear
339ca019-4ba7-490c-8eb2-f677139798d9,Yorkdale,2026-03-01 14:24:11,2026-03-01 14:33:25,13.48,1.0,clear
c384c707-3c30-4874-81f2-aff92d935b3e,UnionStation,2026-03-01 14:34:29,2026-03-01 14:35:23,22.22,1.0,clear
3003070c-0b1d-4424-8a08-a24e7703e04b,Downtown,2026-03-01 14:36:05,2026-03-01 14:36:55,24.75,1.0,clear
cdbd412b-0475-4ce3-8624-929a88c3eac1,UnionStation,2026-03-01 14:37:29,2026-03-01 14:38:11,11.96,1.0,clear
63f6df5c-417d-41e2-bfd1-c39c3f22ad7c,UnionStation,2026-03-01 14:35:38,2026-03-01 14:38:41,16.12,1.0,clear
1e4eb4a8-5d64-4b30-823a-54eaa8104ad3,Scarborough,2026-03-01 14:38:12,2026-03-01 14:39:02,17.28,1.0,clear
827ab802-e658-4e7c-831d-2ee1907de458,Etobicoke,2026-03-01 14:41:13,2026-03-01 14:41:59,12.93,1.6,snow
e2a2220a-8219-4b8f-adf8-1c42dc9299d2,UnionStation,2026-03-01 14:42:03,2026-03-01 14:42:42,19.5,1.6,snow
065d7aeb-f6b3-4d15-8ef4-6743cc307411,Airport,2026-03-01 14:42:56,2026-03-01 14:43:22,24.93,1.3,rain
0a4ee84b-f531-4a90-9974-bdd6a90fdcf0,UofT,2026-03-01 14:42:28,2026-03-01 14:43:27,28.66,1.3,rain
0deb061a-ee71-44ca-977e-d4e49566470a,NorthYork,2026-03-01 14:36:19,2026-03-01 14:43:38,20.97,1.0,clear
6bd31735-21fb-45da-b4c9-45f929020398,UofT,2026-03-01 14:43:31,2026-03-01 14:43:47,21.06,1.0,clear
401755ba-7cf4-4dbb-af56-64b97f61ead0,Waterfront,2026-03-01 14:43:14,2026-03-01 14:44:12,32.07,1.3,rain
e57a575c-b523-4fae-9b55-7a6c03798a28,UofT,2026-03-01 14:43:24,2026-03-01 14:44:15,12.25,1.0,clear
e12877b4-651f-4ec3-88b4-936199c76762,Etobicoke,2026-03-01 14:43:28,2026-03-01 14:44:19,8.35,1.0,clear
2961a453-2081-4452-b2e8-5fb3dd8bc763,Yorkdale,2026-03-01 14:46:23,2026-03-01 14:47:11,20.83,1.3,rain
93a15dd6-51be-4491-925c-0c49b3e4dfac,NorthYork,2026-03-01 14:47:07,2026-03-01 14:47:36,10.69,1.0,clear
acffaa33-ced2-4059-8103-9269e513354b,Airport,2026-03-01 14:47:40,2026-03-01 14:47:56,14.71,1.6,snow
a50c3905-e02c-43db-b8f1-1229d54173f8,UofT,2026-03-01 14:47:51,2026-03-01 14:48:22,19.74,1.0,clear
277526e6-7655-44b4-897d-b837410c17e8,Yorkdale,2026-03-01 14:49:28,2026-03-01 14:49:46,13.59,1.0,clear
c53db86a-5e8b-4908-b902-597eb6f4559f,UnionStation,2026-03-01 14:49:16,2026-03-01 14:52:25,18.77,1.0,clear
af1406a6-ac9d-4417-8f42-221e36f17047,Waterfront,2026-03-01 14:52:26,2026-03-01 14:52:41,12.0,1.0,clear
072b4001-77e3-4e37-a49a-c1a83e181dba,UofT,2026-03-01 14:53:01,2026-03-01 14:53:06,9.86,1.0,clear
415541ec-5e6f-4720-8d83-4fe2e201c1d8,Scarborough,2026-03-01 14:53:00,2026-03-01 14:54:02,24.57,1.0,clear
8d662a1f-6c18-4ca7-90ee-62bac11c0691,UofT,2026-03-01 14:53:47,2026-03-01 14:54:32,12.11,1.0,clear
35d85eca-6f62-4105-afa6-aadd8a472553,Midtown,2026-03-01 14:55:14,2026-03-01 14:56:28,17.11,1.0,clear
99e7b8ad-8dc8-4bf1-b2bc-ea4b6a2bd5ab,NorthYork,2026-03-01 14:57:36,2026-03-01 14:57:47,17.72,1.0,clear
373fb3f5-0e0a-4a4a-941f-daab86046abb,Downtown,2026-03-01 14:57:37,2026-03-01 14:58:17,17.75,1.0,clear
2cfd723f-758f-4cc0-b462-87e268875e55,UofT,2026-03-01 14:58:27,2026-03-01 14:59:22,19.13,1.0,clear
535c5a3d-9d31-4f2c-87ab-545f16f56637,Yorkdale,2026-03-01 14:59:21,2026-03-01 14:59:54,16.26,1.0,clear
03f53b61-c3c4-4831-b501-6f55bc52d6f1,UnionStation,2026-03-01 14:53:56,2026-03-01 15:00:17,11.19,1.0,clear
d1c9264c-76e6-412d-8ba7-3c21635dce32,Scarborough,2026-03-01 14:59:52,2026-03-01 15:00:29,12.21,1.0,clear
9a7dbe8f-ab45-4435-95c8-902e2a538a4d,UnionStation,2026-03-01 15:00:08,2026-03-01 15:00:36,23.1,1.0,clear
0358392a-8e5d-4387-ba1d-3482f5a10825,Airport,2026-03-01 15:02:38,2026-03-01 15:03:25,18.55,1.0,clear
8391b0bb-a019-40fd-b8a6-3f662bfb472f,Scarborough,2026-03-01 14:55:29,2026-03-01 15:04:03,16.6,1.0,clear
fbd7bac6-d885-4a19-8daa-53ed5cd90838,Etobicoke,2026-03-01 15:04:29,2026-03-01 15:04:37,10.58,1.0,clear
08c5b155-dac9-4bd0-a28b-ec410cb757df,Yorkdale,2026-03-01 15:04:22,2026-03-01 15:06:15,22.29,1.0,clear
38c302da-fa16-4b0d-84a8-57b63f49e204,Etobicoke,2026-03-01 15:05:04,2026-03-01 15:06:27,15.7,1.0,clear
d3bd5501-143a-4dfd-8e2b-ad520ee0e4d6,Scarborough,2026-03-01 15:06:27,2026-03-01 15:07:13,20.07,1.6,snow
97cc9f12-fbbd-4b63-b132-d1002e91eb27,Waterfront,2026-03-01 15:07:12,2026-03-01 15:07:21,8.41,1.0,clear
f92a533f-82c3-4d0b-af4b-d9b313292d3b,Waterfront,2026-03-01 15:06:55,2026-03-01 15:07:32,10.81,1.0,clear
2811c6df-9ddd-4aaa-93ee-afacb49ef4e5,Downtown,2026-03-01 15:05:36,2026-03-01 15:07:42,21.44,1.0,clear
49540332-97a8-4081-819c-07e133f1a080,Downtown,2026-03-01 15:07:24,2026-03-01 15:08:11,18.28,1.0,clear
b19cf2e4-16ba-4395-96e2-381e804bcb13,Scarborough,2026-03-01 15:08:39,2026-03-01 15:08:41,28.6,1.3,rain
9572bf19-3bff-4581-b002-9ff50d4d0b41,Waterfront,2026-03-01 15:05:21,2026-03-01 15:09:12,17.91,1.0,clear
5864195f-93d9-44ff-9f4a-16686f4826e9,Yorkdale,2026-03-01 15:08:49,2026-03-01 15:09:13,19.53,1.0,clear
d61ee172-585f-4ee5-96e0-1cf2266a6923,Waterfront,2026-03-01 15:05:06,2026-03-01 15:10:48,18.18,1.0,clear
0c89606b-1134-481c-b364-b3f80073c069,Downtown,2026-03-01 15:11:04,2026-03-01 15:11:26,18.81,1.0,clear
780052e9-abce-409e-85c6-2194be159de0,Airport,2026-03-01 15:12:47,2026-03-01 15:13:10,20.46,1.0,clear
2cfc57d9-692b-407b-8708-325483ac71be,Waterfront,2026-03-01 15:11:17,2026-03-01 15:13:20,8.48,1.0,clear
84a18e43-6ae8-455d-80ec-4ea5122cc59c,Etobicoke,2026-03-01 15:13:27,2026-03-01 15:14:26,15.4,1.0,clear
595296ba-730b-4ce4-9b5d-802632cf6ea9,Airport,2026-03-01 15:13:47,2026-03-01 15:16:03,19.93,1.0,clear
e4485896-4204-4ff0-8410-5cfeb1ceaa12,Yorkdale,2026-03-01 15:10:27,2026-03-01 15:16:55,15.51,1.0,clear
e7b4806b-a045-4b63-85f2-68240edca8f9,Airport,2026-03-01 15:15:21,2026-03-01 15:17:23,28.08,1.3,rain
c4470e79-5b8d-4e1b-95c8-06842dcf89a8,Airport,2026-03-01 15:16:53,2026-03-01 15:17:50,11.13,1.0,clear
71e2e059-d5da-4462-8ce4-cc66c4f35715,Midtown,2026-03-01 15:18:54,2026-03-01 15:19:48,17.38,1.0,clear
01258100-7047-46bd-aab2-1d3ed86566a6,Scarborough,2026-03-01 15:18:32,2026-03-01 15:20:32,13.0,1.0,clear
c33cfb6b-2016-48cd-a409-59974d86fca6,Scarborough,2026-03-01 15:14:39,2026-03-01 15:21:52,22.89,1.0,clear
4e72af95-4930-4a83-aefb-09fea8737bf7,Yorkdale,2026-03-01 15:21:52,2026-03-01 15:22:48,12.55,1.0,clear
d9b606a5-ddd3-49e8-9486-84e327c065db,Midtown,2026-03-01 15:23:09,2026-03-01 15:23:47,11.0,1.0,clear
8e17fc9d-dd89-4b6e-9537-cba825253409,Etobicoke,2026-03-01 15:23:01,2026-03-01 15:24:11,20.27,1.0,clear
7a71e070-7c25-4844-ab22-2cc476844ddd,Downtown,2026-03-01 15:23:55,2026-03-01 15:24:27,21.3,1.6,snow
55d8a5b8-cbb1-488a-b1fc-a91c2e0c4065,Etobicoke,2026-03-01 15:24:20,2026-03-01 15:24:52,16.15,1.0,clear
959036cd-ad20-4d6e-aa8b-f90d44ec9d67,UofT,2026-03-01 15:25:24,2026-03-01 15:26:09,23.63,1.0,clear
3c8793c8-0cf4-4a9b-916e-1ab6b7435517,Etobicoke,2026-03-01 15:25:52,2026-03-01 15:26:11,18.16,1.0,clear
aa33de66-f162-4040-97fb-d6e3e59bde5f,UnionStation,2026-03-01 15:25:50,2026-03-01 15:26:30,17.27,1.6,snow
c03c15b1-ac19-4f76-90a9-86ac8050abf9,Airport,2026-03-01 15:26:12,2026-03-01 15:26:55,25.85,1.6,snow
1dcae9be-b5af-427d-a30f-c9fbaa3f250a,Waterfront,2026-03-01 15:26:16,2026-03-01 15:26:56,12.85,1.0,clear
037d92fd-1b41-4db0-b619-8eb11ea029ac,Midtown,2026-03-01 15:26:19,2026-03-01 15:27:04,23.66,1.0,clear
39e5625e-68ea-4beb-a7ed-811667383502,UnionStation,2026-03-01 15:28:00,2026-03-01 15:28:06,20.87,1.0,clear
1123dba7-bfbe-468d-8232-cca75dfa532b,Yorkdale,2026-03-01 15:27:32,2026-03-01 15:28:09,13.9,1.0,clear
f41eef08-f69e-46f2-89c3-e32352aa631f,UnionStation,2026-03-01 15:28:07,2026-03-01 15:28:32,19.23,1.0,clear
a72a12df-8b98-4376-b350-6dc61989e30e,UofT,2026-03-01 15:26:38,2026-03-01 15:28:48,16.28,1.0,clear
f827ecc5-d017-4d5d-a0df-26124fb41d35,Scarborough,2026-03-01 15:25:34,2026-03-01 15:29:09,32.37,1.3,rain
5f5da4e7-e44c-4254-8f27-1714f9fe7ffa,Airport,2026-03-01 15:28:22,2026-03-01 15:29:20,32.37,1.3,rain
e1fa4d03-8f19-4594-99ee-e76b1ea136fb,Waterfront,2026-03-01 15:28:57,2026-03-01 15:29:53,24.21,1.3,rain
8eb32b58-9ab2-4679-9720-e760547751e4,Scarborough,2026-03-01 15:29:57,2026-03-01 15:30:19,17.23,1.0,clear
51923619-43bf-420f-af4a-779b31de712c,Downtown,2026-03-01 15:31:16,2026-03-01 15:31:49,22.69,1.0,clear
d450eda2-c6dd-4ee4-bb07-b0471486f0c9,UnionStation,2026-03-01 15:31:12,2026-03-01 15:31:50,9.25,1.0,clear
ebfcc24a-1038-403f-8cd7-2e55d3a01be8,Yorkdale,2026-03-01 15:29:04,2026-03-01 15:32:32,8.1,1.0,clear
a2341c85-8316-4696-99ac-c7ca2f49a4ec,Scarborough,2026-03-01 15:32:45,2026-03-01 15:33:09,12.71,1.0,clear
a2130830-0caf-4022-935e-0993e351e843,Midtown,2026-03-01 15:34:53,2026-03-01 15:34:53,31.15,1.3,rain
5d1f1e53-473f-43ff-9391-7218ae53dddc,UnionStation,2026-03-01 15:26:41,2026-03-01 15:36:03,18.99,1.0,clear
075a02a7-ab2e-4b8a-b48f-f75eb7fe8a3f,Etobicoke,2026-03-01 15:33:53,2026-03-01 15:36:12,20.56,1.0,clear
10a9d8aa-3e85-4675-a12a-2f870bb3af1c,Scarborough,2026-03-01 15:36:08,2026-03-01 15:36:34,17.28,1.6,snow
46d86dc9-99f1-4732-98ff-fd44a5b0107d,Downtown,2026-03-01 15:37:41,2026-03-01 15:38:23,17.7,1.0,clear
372ea707-8ccc-4e34-9935-e59e278c3d2e,Scarborough,2026-03-01 15:40:38,2026-03-01 15:41:13,17.28,1.0,clear
77b36d45-2e43-456a-a8ba-18cf53e1f760,NorthYork,2026-03-01 15:41:25,2026-03-01 15:42:06,19.06,1.0,clear
8b046179-9911-4515-bcd2-0ac31d2c43d0,Midtown,2026-03-01 15:42:12,2026-03-01 15:42:23,20.35,1.0,clear
0b83cd11-93ae-47ad-bd3e-822cda7cf0b5,UnionStation,2026-03-01 15:40:20,2026-03-01 15:42:31,11.77,1.0,clear
9390ad67-075f-4de8-8ea7-d6b9668ac181,Airport,2026-03-01 15:42:37,2026-03-01 15:43:37,19.86,1.0,clear
9a200847-f310-47f7-8093-66ec981254a6,UnionStation,2026-03-01 15:43:26,2026-03-01 15:44:03,28.34,1.3,rain
cf4b6097-c7ab-4ad0-912f-60ef54868915,UofT,2026-03-01 15:43:53,2026-03-01 15:44:37,19.87,1.0,clear
f55d2ca1-41dc-442c-96a2-f56e2a9c5444,NorthYork,2026-03-01 15:43:45,2026-03-01 15:44:37,13.82,1.0,clear
bdf34c60-3956-42f2-a9c8-ee10a253e432,UnionStation,2026-03-01 15:46:51,2026-03-01 15:47:23,16.17,1.3,rain
c98b0fd4-3f79-4672-b73c-b94dec527c9c,Yorkdale,2026-03-01 15:47:29,2026-03-01 15:47:38,21.94,1.3,rain
bea1cedc-b324-490e-93a7-2ef5d25216bd,Downtown,2026-03-01 15:49:41,2026-03-01 15:50:14,14.49,1.0,clear
7f56af14-3ca3-4c2d-b9d5-8b790cce17e2,Airport,2026-03-01 15:50:13,2026-03-01 15:50:47,13.26,1.0,clear
a8857970-daa1-49bb-ac24-13d1418ca073,Midtown,2026-03-01 14:48:16,2026-03-01 15:50:59,12.06,1.0,clear
58875da8-0d9c-45cb-95a1-df9087f46315,Yorkdale,2026-03-01 15:51:44,2026-03-01 15:52:05,14.73,1.0,clear
55daca11-811d-4772-9934-eb4ea81e940a,Waterfront,2026-03-01 15:52:09,2026-03-01 15:52:17,15.73,1.0,clear
874574be-7ba2-425c-a0dd-c9bb7be095eb,NorthYork,2026-03-01 15:49:33,2026-03-01 15:52:31,8.74,1.0,clear
c82cdaac-d3cc-46e1-939b-0bd8c2025f77,Downtown,2026-03-01 15:52:56,2026-03-01 15:53:32,22.66,1.0,clear
a88b0136-f37c-42be-ab99-385821963c9e,UofT,2026-03-01 15:46:54,2026-03-01 15:54:09,12.9,1.0,clear
171fdbda-43e3-4379-9536-7a2ab3066825,Midtown,2026-03-01 15:51:45,2026-03-01 15:54:29,20.31,1.0,clear
0c6986b4-cc77-43de-bf63-63185ede5246,NorthYork,2026-03-01 15:54:31,2026-03-01 15:55:09,16.52,1.3,rain
b25f0732-b239-4a37-a01f-979d617236f9,UofT,2026-03-01 15:54:21,2026-03-01 15:55:17,20.02,1.0,clear
443cc2ee-d5e6-454c-9893-7569390a84d5,Etobicoke,2026-03-01 15:56:07,2026-03-01 15:56:15,16.06,1.0,clear
b65e388c-edf6-4b5b-9e12-5088ddfa4e02,Midtown,2026-03-01 15:55:31,2026-03-01 15:56:21,16.57,1.0,clear
7ce35acb-3ffe-4e9f-8044-e556832b43a5,NorthYork,2026-03-01 15:55:45,2026-03-01 15:56:35,15.38,1.0,clear
20a3cbb4-df1f-46a0-b8ce-b9696ce8ae03,NorthYork,2026-03-01 15:55:43,2026-03-01 15:56:56,32.4,1.3,rain
4e6ec9c3-4915-498d-b57d-a470c67b7da3,Downtown,2026-03-01 15:57:12,2026-03-01 15:57:36,21.23,1.0,clear
f47a6aae-38e7-479e-b003-90160d03b6a5,UnionStation,2026-03-01 15:55:40,2026-03-01 15:58:39,35.01,1.6,snow
51187b50-0714-4cff-b90e-6d0abe3a71bc,Scarborough,2026-03-01 15:58:40,2026-03-01 15:58:45,27.84,1.3,rain
a6fce070-30cb-4d43-9fe7-dd436b0cd6c1,UofT,2026-03-01 15:57:57,2026-03-01 15:58:49,16.87,1.3,rain
2ae89447-6a9b-4561-8874-7404307181a9,Midtown,2026-03-01 15:58:49,2026-03-01 15:59:27,31.16,1.3,rain
fe19ab7c-e5c6-4380-a471-99d58afa7d20,Downtown,2026-03-01 16:01:10,2026-03-01 16:01:26,11.91,1.0,clear
6fc8f451-28a2-41dc-bc77-671740fd73fa,Airport,2026-03-01 16:05:12,2026-03-01 16:06:08,10.61,1.3,rain
36f57d18-40cb-4098-a53b-49c3bd3513e3,Scarborough,2026-03-01 16:05:47,2026-03-01 16:06:22,23.3,1.0,clear
c188495b-b936-4879-a67c-2a74f211b722,Yorkdale,2026-03-01 16:06:01,2026-03-01 16:06:44,23.71,1.0,clear
e0250e84-cfd4-4b2f-b4d5-8210ae132e05,UnionStation,2026-03-01 16:05:12,2026-03-01 16:07:09,16.31,1.0,clear
78f197ab-3dae-4401-a5e7-91eb28b5c6e3,NorthYork,2026-03-01 16:06:23,2026-03-01 16:07:22,14.87,1.3,rain
dc3f3e0d-fe2f-40ea-97c2-e4f261f065e3,Midtown,2026-03-01 16:07:53,2026-03-01 16:08:31,33.34,1.6,snow
7615650b-402d-44d9-8fd4-c39ae4da3558,NorthYork,2026-03-01 16:07:57,2026-03-01 16:08:47,20.02,1.0,clear
f75a3ab9-fdb8-4db4-9390-6d20432a8512,Midtown,2026-03-01 16:07:39,2026-03-01 16:08:51,14.8,1.3,rain
d4d599fb-e04b-49d4-99a1-9552283a5174,Downtown,2026-03-01 16:08:37,2026-03-01 16:09:17,19.71,1.0,clear
233335ed-9bf3-496b-92ad-145625634582,Downtown,2026-03-01 16:09:09,2026-03-01 16:09:33,23.36,1.0,clear
9fb9a63b-de3e-49eb-844e-c4858c396e45,Midtown,2026-03-01 16:09:49,2026-03-01 16:10:38,15.46,1.0,clear
8db828db-41c5-4e6b-8860-18a50144a73a,Yorkdale,2026-03-01 16:10:20,2026-03-01 16:10:51,15.6,1.0,clear
ef1940d2-4fb3-4a41-ae98-bf75a9c6811d,UofT,2026-03-01 16:09:36,2026-03-01 16:11:13,8.52,1.0,clear
77c92378-2966-4c6f-bb5e-a39ad2c890e9,Waterfront,2026-03-01 16:11:17,2026-03-01 16:11:44,9.03,1.0,clear
1092a0eb-279d-49c1-b2e1-a2cd88e8df75,Midtown,2026-03-01 16:06:57,2026-03-01 16:12:05,20.84,1.0,clear
3b73017c-6650-42d9-b2c4-f4e450e52f62,Midtown,2026-03-01 16:11:27,2026-03-01 16:12:24,32.08,1.3,rain
4e6b504c-ac98-4f30-86f2-fc4f9025459a,Etobicoke,2026-03-01 16:10:24,2026-03-01 16:13:18,14.02,1.3,rain
2523c35a-a569-4599-87d4-3483f6137c72,Waterfront,2026-03-01 16:12:35,2026-03-01 16:13:27,9.18,1.0,clear
553a7721-1392-4607-be03-1076e3847189,Etobicoke,2026-03-01 16:13:05,2026-03-01 16:13:32,18.21,1.0,clear
4a082772-0a46-48eb-877c-b5c03cf159d4,Etobicoke,2026-03-01 16:07:14,2026-03-01 16:14:08,20.88,1.0,clear
7358df64-82da-4ea4-ba4e-5b8017db96db,Yorkdale,2026-03-01 16:14:07,2026-03-01 16:14:09,25.64,1.3,rain
dacd6ba2-abb9-4c5a-a0d9-4eb48abf4fb6,Yorkdale,2026-03-01 16:13:56,2026-03-01 16:16:21,21.9,1.0,clear
f7868aa4-3572-4fb9-bb69-85ce2ebcfa04,Waterfront,2026-03-01 16:11:56,2026-03-01 16:17:56,16.89,1.0,clear
62a09190-379d-4f42-a68a-26ef71ef379c,Downtown,2026-03-01 16:19:03,2026-03-01 16:19:45,14.87,1.0,clear
de7ee925-fc14-4f5c-be74-ab12c8cd27d7,Etobicoke,2026-03-01 16:21:58,2026-03-01 16:22:29,17.46,1.0,clear
bf436daa-1265-47cf-8797-0e02e26a491a,Yorkdale,2026-03-01 16:21:58,2026-03-01 16:23:04,17.68,1.0,clear
23847f35-e6b4-4208-9c3c-ea8c95a1ba4f,Downtown,2026-03-01 16:21:31,2026-03-01 16:23:22,13.74,1.0,clear
32558c88-71ec-4963-b168-f6de7bed5b1f,Etobicoke,2026-03-01 16:23:08,2026-03-01 16:23:39,15.22,1.0,clear
d79f47b0-2600-498c-b8b9-b9987780c474,Midtown,2026-03-01 16:24:47,2026-03-01 16:24:48,23.89,1.3,rain
f668e360-54e8-47f1-848c-9c183f7c056c,Etobicoke,2026-03-01 16:22:30,2026-03-01 16:25:02,19.9,1.0,clear
1eb71e22-a467-40e1-bb3b-14e3d0ed4e8b,Yorkdale,2026-03-01 16:25:13,2026-03-01 16:25:25,24.18,1.0,clear
283cf2f2-e882-452b-aae0-d24d88225945,NorthYork,2026-03-01 16:29:03,2026-03-01 16:30:16,10.31,1.0,clear
b7827275-02ff-4db2-b9ea-474b2245152e,Waterfront,2026-03-01 16:29:15,2026-03-01 16:30:53,19.9,1.0,clear
dbc8bffe-50f8-427c-8b0a-ba536495c1ff,Etobicoke,2026-03-01 16:30:44,2026-03-01 16:31:44,16.65,1.0,clear
753713d1-39c8-4993-ad07-21e133ab89a2,Etobicoke,2026-03-01 16:31:12,2026-03-01 16:31:47,18.2,1.0,clear
8314d74e-4507-4f48-be63-87d084b75757,Scarborough,2026-03-01 16:29:48,2026-03-01 16:32:30,16.32,1.6,snow
565251de-5e69-4013-8f05-f5f3e2bb62a7,NorthYork,2026-03-01 16:31:53,2026-03-01 16:32:32,13.6,1.0,clear
95b4e1ad-cd4f-4977-acc2-346afde08fcc,UnionStation,2026-03-01 16:33:20,2026-03-01 16:33:41,24.51,1.0,clear
f196cabc-6cf8-422f-a6af-6a1eca829be3,NorthYork,2026-03-01 16:33:58,2026-03-01 16:34:10,19.25,1.0,clear
234733be-5464-433a-acad-63099c230e41,Yorkdale,2026-03-01 16:34:42,2026-03-01 16:34:51,16.36,1.0,clear
1d73ceb2-fe70-441a-9864-f1a2f0bec367,Etobicoke,2026-03-01 16:34:00,2026-03-01 16:35:01,10.33,1.0,clear
6fd8f537-26f1-4d88-8443-3a6832a05b23,UofT,2026-03-01 16:33:36,2026-03-01 16:35:56,14.49,1.3,rain
86bcaadd-da91-4aa6-ae25-d6d3a7edfb76,Yorkdale,2026-03-01 16:36:12,2026-03-01 16:36:47,17.69,1.6,snow
7c0f55c0-b00b-4eee-8c54-ec4d1bb3381d,UofT,2026-03-01 16:33:02,2026-03-01 16:36:54,29.03,1.3,rain
de4ca3d2-8fe2-4825-9639-4aa35cb4c444,Scarborough,2026-03-01 16:36:36,2026-03-01 16:38:18,21.88,1.0,clear
ba1b0822-7683-40f0-84d5-12958cf53946,Yorkdale,2026-03-01 16:38:12,2026-03-01 16:39:06,15.39,1.3,rain
cb7c8542-ded3-4bdc-ad89-6cda6538cf5e,UnionStation,2026-03-01 16:38:45,2026-03-01 16:39:28,13.37,1.0,clear
c850ffa6-dc39-4514-b332-908374474a73,Midtown,2026-03-01 16:39:56,2026-03-01 16:40:40,11.44,1.0,clear
5408e5c6-1609-4862-9b23-c5045ef87a4b,Midtown,2026-03-01 16:39:31,2026-03-01 16:42:03,18.33,1.0,clear
7023d9b6-d4cc-43c1-a711-db1f91b21729,Downtown,2026-03-01 16:40:51,2026-03-01 16:42:05,23.39,1.3,rain
c8a6e098-b4d5-42e7-b952-831747aea4c7,Airport,2026-03-01 16:42:09,2026-03-01 16:42:58,31.26,1.3,rain
e95b7cfb-9195-4d7c-9720-78e0710daea6,NorthYork,2026-03-01 16:41:16,2026-03-01 16:43:20,14.08,1.0,clear
9ed83db1-1639-475e-8230-a49a381458ca,Downtown,2026-03-01 16:43:58,2026-03-01 16:44:25,15.5,1.0,clear
5d25cfb5-72be-4f13-9b7e-0f25431ecaf5,NorthYork,2026-03-01 16:42:41,2026-03-01 16:44:31,19.51,1.0,clear
8e087579-f0fd-4712-bc15-7c33a0fa9121,NorthYork,2026-03-01 16:42:36,2026-03-01 16:44:53,15.58,1.0,clear
13c9d162-0395-4f8f-a5a1-9ab4d6a6812e,Downtown,2026-03-01 16:46:10,2026-03-01 16:46:15,23.01,1.0,clear
46e5d75a-7cc0-4537-a988-03040093d232,UnionStation,2026-03-01 15:28:45,2026-03-01 16:46:17,16.98,1.3,rain
a68414bc-154e-4016-be82-a911a43add2e,Yorkdale,2026-03-01 16:46:27,2026-03-01 16:47:07,12.97,1.3,rain
5b66a87e-81b6-4b10-8435-1bf89017b578,UofT,2026-03-01 16:46:55,2026-03-01 16:47:46,22.73,1.0,clear
0f0a0e2b-40a3-41d1-8f6c-bc1289b9599a,Waterfront,2026-03-01 16:46:41,2026-03-01 16:48:43,14.14,1.3,rain
beffd2b5-59d8-4204-8fbb-76c1fc0de534,Waterfront,2026-03-01 16:47:49,2026-03-01 16:48:46,23.62,1.0,clear
51677bae-2e35-4c4b-ab70-fc2aeb7bc43f,Waterfront,2026-03-01 16:48:35,2026-03-01 16:48:56,13.56,1.0,clear
f2419bd2-e420-4121-ad22-fdbc8fff5489,Midtown,2026-03-01 16:48:25,2026-03-01 16:49:19,22.13,1.0,clear
6f234d88-42cf-4ff7-b1cf-bfea3fd2d651,UofT,2026-03-01 16:48:41,2026-03-01 16:49:36,22.14,1.0,clear
b84c44a9-0a6d-47a4-8038-fa88d7f6efc0,UnionStation,2026-03-01 16:48:02,2026-03-01 16:50:07,16.47,1.0,clear
12aad221-211d-460d-80b2-080d2fce1061,Etobicoke,2026-03-01 16:50:16,2026-03-01 16:51:02,35.51,1.6,snow
fd0653da-0251-4058-a260-6b92e98cedd9,Downtown,2026-03-01 16:50:50,2026-03-01 16:51:30,8.63,1.0,clear
e81c8aa9-5300-4ab3-befc-4c8c8934afcc,Downtown,2026-03-01 16:51:29,2026-03-01 16:51:44,17.47,1.0,clear
ec96150c-9410-47fb-b326-4f9b90398116,Waterfront,2026-03-01 16:51:10,2026-03-01 16:51:55,11.4,1.3,rain
522053e6-aacf-43b7-b939-f572ffa78860,Waterfront,2026-03-01 16:53:04,2026-03-01 16:53:29,19.72,1.3,rain
95a1b83e-8d3d-4a26-8cc7-842f2e36c372,UnionStation,2026-03-01 16:54:12,2026-03-01 16:54:24,13.42,1.0,clear
981b2b85-0421-4e9a-9f2a-4db2e2f1235d,Downtown,2026-03-01 16:54:16,2026-03-01 16:54:49,18.91,1.3,rain
456d2ce1-ee13-4285-bd27-e22d81e6ef8f,Yorkdale,2026-03-01 16:53:31,2026-03-01 16:55:53,25.45,1.3,rain
59307250-47a7-4590-aebd-8d6bd9873aab,Downtown,2026-03-01 16:54:13,2026-03-01 16:55:59,22.86,1.0,clear
344870d0-d51b-4a93-b77b-fd4cc290959b,NorthYork,2026-03-01 16:56:00,2026-03-01 16:56:00,17.63,1.3,rain
a3413997-6648-4905-858a-2786a0e0d96c,Etobicoke,2026-03-01 16:54:34,2026-03-01 16:57:17,20.13,1.3,rain
6324e70b-323f-4a9f-a84a-f3b2ff937f6c,Midtown,2026-03-01 16:58:02,2026-03-01 16:58:23,16.33,1.0,clear
30694fee-5374-43eb-8d63-68ffb881ae11,NorthYork,2026-03-01 16:56:40,2026-03-01 16:59:18,23.69,1.0,clear
81f82feb-f31f-4d5f-b472-bfc9e8ff78e4,NorthYork,2026-03-01 16:54:12,2026-03-01 16:59:47,10.38,1.0,clear
eb4b490d-7f33-4c7f-8428-9ffdb00e5af8,UnionStation,2026-03-01 16:59:01,2026-03-01 17:00:01,10.39,1.0,clear
5dbcfa37-8344-471a-99dd-73dd362e7acb,UofT,2026-03-01 17:00:16,2026-03-01 17:00:28,28.42,1.2,clear
09129217-31f5-4db2-b31e-15c2236c4b6b,Scarborough,2026-03-01 16:58:09,2026-03-01 17:01:06,24.04,1.3,rain
4b5e05fe-0d3e-48ab-946c-51392635411d,Yorkdale,2026-03-01 17:01:03,2026-03-01 17:01:22,21.15,1.2,clear
58d633da-f137-4845-96b7-9c763d4f1f55,Waterfront,2026-03-01 17:02:32,2026-03-01 17:02:52,18.43,1.2,clear
c5e329ad-f549-4c3e-b400-c467c876a1fe,Airport,2026-03-01 17:02:28,2026-03-01 17:03:14,27.16,1.2,clear
0b34771d-e2bf-4721-aa9a-8431a890eaf9,NorthYork,2026-03-01 17:00:49,2026-03-01 17:03:45,39.15,1.8,snow
6e0e331d-2781-4122-800c-2f5737f7aecb,Midtown,2026-03-01 17:04:34,2026-03-01 17:04:52,29.68,1.2,clear
7800c8db-a15e-4a5f-a079-d11e3a34e7bf,UnionStation,2026-03-01 17:03:05,2026-03-01 17:04:55,27.15,1.2,clear
6a2b5904-c9f2-4164-8f9f-623c3f168533,UofT,2026-03-01 17:04:47,2026-03-01 17:04:56,9.99,1.2,clear
0726e487-fc5a-4575-83a5-326154c5f64e,Scarborough,2026-03-01 17:05:37,2026-03-01 17:06:32,23.98,1.8,snow
748679fe-a443-4d33-bca2-2b3a6fb5c3f4,Downtown,2026-03-01 17:06:19,2026-03-01 17:06:42,27.27,1.2,clear
19431cef-8c7e-4151-964f-22586cb34a75,Airport,2026-03-01 17:03:48,2026-03-01 17:06:46,20.22,1.2,clear
b2a12e33-4ca4-48ac-8ae0-5d046efc2547,UnionStation,2026-03-01 17:02:57,2026-03-01 17:07:10,19.2,1.2,clear
9cd6245f-ed88-49d8-93b0-4e3dc3bd20da,Midtown,2026-03-01 17:05:06,2026-03-01 17:07:39,9.69,1.2,clear
642a37d9-3c3c-484e-af73-34a4eef78935,UnionStation,2026-03-01 17:05:48,2026-03-01 17:08:18,18.02,1.2,clear
ee61971f-d3eb-4d5c-8ee5-a00f3c32830c,Airport,2026-03-01 17:07:49,2026-03-01 17:08:29,13.3,1.2,clear
087e810c-1e93-48ce-9358-1cc061af91fb,Airport,2026-03-01 17:08:32,2026-03-01 17:09:10,31.43,1.5,rain
bc90ccf0-37ac-423a-9ea4-a7958f05ef87,Airport,2026-03-01 17:00:35,2026-03-01 17:09:32,28.01,1.8,snow
e5548136-1ae8-4d3b-a79a-7703071ed277,NorthYork,2026-03-01 17:08:00,2026-03-01 17:10:33,18.39,1.2,clear
ad57c359-dd57-4dba-be4e-dd9536b4b276,Downtown,2026-03-01 17:09:42,2026-03-01 17:10:47,36.73,1.8,snow
8bf72206-556e-4543-ae05-3f44ade273db,Yorkdale,2026-03-01 17:08:29,2026-03-01 17:10:51,13.14,1.2,clear
5347a1ca-b166-453e-bd04-cd541c79da2c,Etobicoke,2026-03-01 17:02:50,2026-03-01 17:11:40,15.73,1.2,clear
ffaf1d7b-0936-4df4-b1fc-e3855dc53283,UnionStation,2026-03-01 17:10:54,2026-03-01 17:13:17,37.13,1.8,snow
9c8e6d1a-5797-42d4-b89a-a517d8ded4ab,Downtown,2026-03-01 17:11:15,2026-03-01 17:13:48,25.29,1.2,clear
e4a35f81-7ad7-4299-bd6e-e32a0adc7313,Waterfront,2026-03-01 17:13:41,2026-03-01 17:14:02,20.12,1.2,clear
93817a92-e2cd-403e-8a19-0a50a3d73e82,UnionStation,2026-03-01 17:14:01,2026-03-01 17:14:11,18.75,1.2,clear
6028404b-171b-4594-b8ea-8a7b4bfb7e92,NorthYork,2026-03-01 17:14:09,2026-03-01 17:15:15,15.44,1.2,clear
17ddd668-ba19-4bfe-98f8-d22087df8846,UofT,2026-03-01 17:16:22,2026-03-01 17:16:35,10.7,1.2,clear
a37bb3a4-5c13-4ac8-a647-91d3b60cb90c,Airport,2026-03-01 17:16:48,2026-03-01 17:17:12,42.95,1.8,snow
2c0df9de-50a8-4859-8dd5-affcd1988d20,Airport,2026-03-01 17:17:20,2026-03-01 17:17:35,14.93,1.5,rain
db9c7824-34c4-45b3-b583-1aae578fe8fc,Downtown,2026-03-01 17:17:25,2026-03-01 17:18:15,29.59,1.2,clear
0d8a1312-aa5e-40b6-80ab-0eada6d686e4,Yorkdale,2026-03-01 17:18:14,2026-03-01 17:18:57,14.67,1.2,clear
caabb6fc-ec27-4989-9273-b1bbd9b00ba6,UofT,2026-03-01 17:19:10,2026-03-01 17:20:08,16.15,1.2,clear
f0c648e1-4c78-428b-b3db-e477fae9cdb9,UnionStation,2026-03-01 17:23:33,2026-03-01 17:23:53,24.51,1.2,clear
b6033323-6458-49ac-858f-f5c04d076930,UofT,2026-03-01 17:23:58,2026-03-01 17:23:58,9.79,1.2,clear
07ea8d82-e15b-49e3-96df-acc07ee5de0b,Yorkdale,2026-03-01 17:21:43,2026-03-01 17:24:07,23.61,1.2,clear
fb514ae2-593f-4c89-9472-ff22f8e3c5dd,NorthYork,2026-03-01 17:24:09,2026-03-01 17:24:35,9.93,1.2,clear
96b55134-9d60-4b4d-b473-85e501079c31,UnionStation,2026-03-01 17:24:51,2026-03-01 17:25:04,13.63,1.2,clear
56f60ca6-e021-4dea-9add-a8d0f26c09d6,Airport,2026-03-01 17:24:54,2026-03-01 17:25:05,17.63,1.2,clear
1bb097a8-b793-4d24-85fc-e9af277fb71c,Airport,2026-03-01 17:25:39,2026-03-01 17:25:59,26.4,1.2,clear
891d6279-ec75-4ef3-85d0-2c773c63eb9c,Waterfront,2026-03-01 17:24:36,2026-03-01 17:27:32,17.22,1.2,clear
d84791fa-a66a-478b-8e0c-607d4414846d,UnionStation,2026-03-01 17:26:24,2026-03-01 17:27:48,13.37,1.2,clear
a51ce235-1ded-41fc-8c71-899fd1889bce,Scarborough,2026-03-01 17:27:31,2026-03-01 17:28:09,12.44,1.2,clear
f2468469-1ab5-498c-ae18-92dbb4eae464,Yorkdale,2026-03-01 17:27:52,2026-03-01 17:28:50,25.54,1.2,clear
2531f8a8-a5fd-4f9b-94f5-7366ec129b03,NorthYork,2026-03-01 17:28:06,2026-03-01 17:29:09,27.1,1.2,clear
7828e632-781e-4999-bbc0-4ea12b6a26e9,Yorkdale,2026-03-01 17:29:23,2026-03-01 17:31:31,23.35,1.2,clear
dd66ee40-a427-4b83-ba64-28d4d5b572fc,UofT,2026-03-01 17:32:07,2026-03-01 17:33:05,29.3,1.2,clear
cda64e60-d07c-4bd4-a20a-8fa1c9b45e07,Etobicoke,2026-03-01 17:33:12,2026-03-01 17:33:42,11.59,1.2,clear
256c392c-96ef-4e55-9a87-0d83d321f416,Waterfront,2026-03-01 17:34:06,2026-03-01 17:34:47,26.32,1.2,clear
8a4bc62c-fdac-4cc9-9768-cb0c194edef7,Midtown,2026-03-01 17:34:29,2026-03-01 17:35:22,24.11,1.2,clear
75a7ab90-2340-4d37-a3bd-6ab2abf7fd56,Scarborough,2026-03-01 17:32:47,2026-03-01 17:35:41,12.63,1.2,clear
3c2aa1cf-c631-454b-a310-5b10c5244229,Airport,2026-03-01 17:34:58,2026-03-01 17:35:50,29.64,1.5,rain
bc8294d5-0ec3-4ba9-9864-06727ab4babe,Downtown,2026-03-01 17:36:53,2026-03-01 17:37:15,28.85,1.2,clear
6c9df8ed-bf46-4b42-af9e-8607c7a0bfe1,Airport,2026-03-01 17:38:19,2026-03-01 17:38:38,25.14,1.5,rain
84732275-425c-4235-aa57-110f238786d2,Yorkdale,2026-03-01 17:37:39,2026-03-01 17:38:55,14.29,1.2,clear
0b050882-05a9-4852-8ead-210c1e79a7b8,NorthYork,2026-03-01 17:36:47,2026-03-01 17:39:21,24.94,1.8,snow
9fdd47db-f0bc-4a4c-9191-dae0fa0206f6,UnionStation,2026-03-01 17:38:52,2026-03-01 17:40:31,25.91,1.2,clear
d04c8609-5ac9-42a1-a234-cf92f49805fc,Scarborough,2026-03-01 17:40:14,2026-03-01 17:41:07,13.17,1.5,rain
a4af14c2-75c8-42f2-97cc-8f0f51026b70,Etobicoke,2026-03-01 17:41:59,2026-03-01 17:42:39,15.78,1.2,clear
9ea2ad51-7997-4d5e-88b3-ccf385beaee9,Midtown,2026-03-01 17:42:19,2026-03-01 17:42:53,14.92,1.5,rain
891b1001-8b32-42ce-b847-e183353e3a7a,NorthYork,2026-03-01 17:43:15,2026-03-01 17:43:59,16.96,1.2,clear
eab547da-9442-42d0-9de8-69121586aea1,Midtown,2026-03-01 17:43:57,2026-03-01 17:44:00,21.56,1.2,clear
e57f2bf7-928b-4c0d-b867-6530f72aacab,Midtown,2026-03-01 17:45:16,2026-03-01 17:45:49,14.37,1.2,clear
3f2c3c39-a04c-4cf9-8bdb-b9821f8e1586,Etobicoke,2026-03-01 17:45:41,2026-03-01 17:46:01,27.21,1.5,rain
dcafb7bc-410c-4283-8512-5e75667fc918,UnionStation,2026-03-01 17:43:47,2026-03-01 17:46:02,28.49,1.2,clear
8d0debab-59f4-4010-8df2-d743c2f691f8,Downtown,2026-03-01 17:45:44,2026-03-01 17:46:30,17.99,1.2,clear
eef1b1c0-f808-4faf-950c-1ce8d88c6a83,Airport,2026-03-01 17:43:03,2026-03-01 17:46:31,14.1,1.2,clear
bbfa488c-9e6b-4e23-a803-2c6cd0cf9118,Scarborough,2026-03-01 17:46:08,2026-03-01 17:46:50,24.51,1.2,clear
40a4c540-4f4a-442d-aace-9bf46bf127f4,NorthYork,2026-03-01 17:47:12,2026-03-01 17:47:29,17.22,1.8,snow
dfb688cf-0c7c-487e-9cf0-176c622e5c1c,Midtown,2026-03-01 17:48:12,2026-03-01 17:48:22,32.17,1.5,rain
d6793cc8-b9d4-4138-9bc1-67b9f0b34193,Downtown,2026-03-01 17:48:00,2026-03-01 17:49:16,10.53,1.2,clear
9f32140b-54dd-4c78-ae0f-993aa0fff278,Yorkdale,2026-03-01 17:48:59,2026-03-01 17:49:27,10.27,1.2,clear
800a730a-2764-4d47-86c8-c014bec06c4e,Scarborough,2026-03-01 17:48:14,2026-03-01 17:49:49,28.65,1.2,clear
3710fa3c-68c2-4d56-ad33-aca81cc9fdfd,Etobicoke,2026-03-01 17:49:25,2026-03-01 17:49:54,24.9,1.5,rain
8a9c6961-b105-4937-9704-985044d27cf5,UofT,2026-03-01 17:48:58,2026-03-01 17:51:44,10.21,1.2,clear
01c2ea14-b6ef-42c1-a256-5e7014a4d2b7,Airport,2026-03-01 17:51:12,2026-03-01 17:51:55,16.06,1.2,clear
fe59af78-5c85-475a-8e36-b9103f79e970,Midtown,2026-03-01 17:51:44,2026-03-01 17:52:26,18.41,1.2,clear
8c9b3595-8f49-4d1d-bf40-efe12144d9ec,UnionStation,2026-03-01 17:54:01,2026-03-01 17:54:10,23.03,1.2,clear
81e1a2ac-becb-42a3-860b-a1e3d3ee328f,Midtown,2026-03-01 17:53:02,2026-03-01 17:54:58,18.82,1.2,clear
4c55a3aa-baef-4aba-8b56-e637f3fab13b,UnionStation,2026-03-01 17:54:11,2026-03-01 17:55:05,16.4,1.2,clear
f98996f6-7dc6-4ec3-bc10-1db872ac4c2d,UofT,2026-03-01 17:54:38,2026-03-01 17:55:28,25.88,1.2,clear
f22cf9da-70fd-4141-aa03-4abb234d1252,UnionStation,2026-03-01 17:53:29,2026-03-01 17:56:22,16.96,1.2,clear
774c7fc7-763a-439e-b255-9bb44325d2b5,UnionStation,2026-03-01 17:56:09,2026-03-01 17:56:51,12.37,1.2,clear
79b7ff80-fb45-47ac-97ec-14335552c906,UofT,2026-03-01 17:54:07,2026-03-01 17:56:51,30.29,1.5,rain
cc6e8d8f-c6ee-43dd-8f65-ccc8e3e1a5fd,Scarborough,2026-03-01 17:50:48,2026-03-01 17:57:14,36.18,1.5,rain
19c0a5cc-bff1-45d3-89d4-a2d348ef4cbe,Waterfront,2026-03-01 17:57:14,2026-03-01 17:58:04,15.23,1.2,clear
3e43f027-1e8a-4d7c-9d24-a8912ad0675a,Etobicoke,2026-03-01 17:57:09,2026-03-01 17:58:04,11.67,1.2,clear
4fcf61ed-ca59-4204-b9fa-328295018146,Waterfront,2026-03-01 17:59:11,2026-03-01 17:59:22,23.31,1.2,clear
685cc0bc-def4-4f7a-86e0-44b8725495ab,Etobicoke,2026-03-01 17:59:36,2026-03-01 17:59:44,21.88,1.2,clear
f63e639f-cd80-405c-a658-652ed1b3b08a,Scarborough,2026-03-01 17:59:49,2026-03-01 18:00:06,16.84,1.2,clear
d5995e08-5bd6-4392-a190-24474aaf4332,NorthYork,2026-03-01 18:00:43,2026-03-01 18:01:19,16.49,1.2,clear
c94a5664-9d22-4d15-912c-1430e9dc9a1a,Airport,2026-03-01 17:58:19,2026-03-01 18:03:11,22.79,1.2,clear
fc759bf1-fa71-4e30-ad22-d5779ef422a1,Etobicoke,2026-03-01 18:03:24,2026-03-01 18:04:45,28.85,1.5,rain
3d2c5794-e401-43f0-bb68-2cb47b4a93bf,Airport,2026-03-01 18:02:01,2026-03-01 18:04:46,11.93,1.2,clear
1e25a52a-270f-4696-861d-9cdf37fdf468,UnionStation,2026-03-01 18:04:30,2026-03-01 18:05:23,25.37,1.2,clear
2193917a-361a-49e5-8284-393e674b6536,Yorkdale,2026-03-01 18:07:10,2026-03-01 18:07:52,22.61,1.2,clear
6c126c4f-05f0-41a0-b7b2-f69c921057f9,NorthYork,2026-03-01 18:06:31,2026-03-01 18:08:45,17.85,1.2,clear
4e3e266f-7a98-4165-8f86-24dee830111f,Etobicoke,2026-03-01 18:09:34,2026-03-01 18:10:02,17.05,1.2,clear
0d2f818e-56c2-48f0-95cb-7a105b78c0fc,Scarborough,2026-03-01 18:08:45,2026-03-01 18:10:03,16.34,1.2,clear
3c667d9e-b586-478d-8027-f61ead4d8850,Midtown,2026-03-01 18:10:01,2026-03-01 18:10:03,23.33,1.2,clear
e7184020-7ddf-4516-8a3a-edad18762254,Midtown,2026-03-01 18:09:27,2026-03-01 18:10:27,16.35,1.2,clear
3f143e02-879f-4647-8ea3-f747bf2a5507,UnionStation,2026-03-01 16:55:33,2026-03-01 18:11:51,28.07,1.3,rain
42e43831-ee83-4b29-b3cb-127d0e52dfe8,Midtown,2026-03-01 18:12:09,2026-03-01 18:12:50,18.48,1.2,clear
3e242387-9fc8-4383-9e42-58db05f2db5f,Waterfront,2026-03-01 18:12:23,2026-03-01 18:13:12,24.54,1.2,clear
bab55fd9-3069-4323-80d5-43497d813f06,Yorkdale,2026-03-01 18:11:53,2026-03-01 18:13:30,21.33,1.2,clear
88683e25-4d74-4dee-9740-799cdd6c969d,Waterfront,2026-03-01 18:13:17,2026-03-01 18:14:15,19.45,1.2,clear
68b9c8aa-84b7-4124-b817-4b4f038a9052,Scarborough,2026-03-01 18:13:59,2026-03-01 18:14:37,14.34,1.2,clear
edc24d1b-d001-4820-8c7d-742ce76dc3fd,Scarborough,2026-03-01 18:14:39,2026-03-01 18:14:49,27.25,1.2,clear
2410baba-8b58-4947-bdbb-644df02a8b21,Downtown,2026-03-01 18:15:26,2026-03-01 18:15:34,28.26,1.2,clear
ec155d34-2b65-4ef3-b631-ff59adda5c79,Airport,2026-03-01 18:14:43,2026-03-01 18:15:37,19.84,1.2,clear
f3c64710-01e1-4304-9c87-5a86cc6601b1,Yorkdale,2026-03-01 18:16:14,2026-03-01 18:16:49,36.0,1.8,snow
76231e3c-e815-46f2-9823-0e66a1bd8dc5,Waterfront,2026-03-01 18:15:15,2026-03-01 18:16:58,17.57,1.8,snow
882a0868-179d-4953-8cc4-697177dc1740,Airport,2026-03-01 18:16:37,2026-03-01 18:17:23,24.15,1.2,clear
8cf3c799-721f-4128-9e70-18010b85b9a6,UnionStation,2026-03-01 18:18:27,2026-03-01 18:19:26,21.97,1.2,clear
094dbef2-4476-4268-ac9e-6bb7ed303b7c,UofT,2026-03-01 18:18:41,2026-03-01 18:19:27,13.9,1.5,rain
f022d326-445e-408d-951f-a59846c2d4ba,Etobicoke,2026-03-01 18:21:47,2026-03-01 18:22:26,14.46,1.5,rain
d33901f6-631f-46c2-ad55-89c87532d0ae,Airport,2026-03-01 18:20:46,2026-03-01 18:22:57,24.09,1.2,clear
1e680bd1-0595-4c54-ae0a-961b574615f4,UofT,2026-03-01 18:21:28,2026-03-01 18:23:50,16.35,1.2,clear
77944996-92d4-45c7-b2ec-b29e04025228,Downtown,2026-03-01 18:21:28,2026-03-01 18:24:13,19.38,1.2,clear
e476ad67-7a6d-45bc-ac9b-22268b26106e,Downtown,2026-03-01 18:25:30,2026-03-01 18:25:59,22.63,1.2,clear
50f8e89d-c32f-406c-bbfb-acaddc6147ca,NorthYork,2026-03-01 18:18:57,2026-03-01 18:26:06,29.54,1.2,clear
bcb74d73-5683-40d6-84a6-d18815c4908b,NorthYork,2026-03-01 18:25:07,2026-03-01 18:26:54,27.57,1.2,clear
3588e868-a524-4e5c-abfb-be115e2c7ecb,Etobicoke,2026-03-01 18:27:06,2026-03-01 18:27:18,27.54,1.2,clear
ee48c5d1-d634-4bbe-91a3-aae57b5050b5,Midtown,2026-03-01 18:27:24,2026-03-01 18:27:53,17.83,1.2,clear
1a1d748a-7509-404f-85a1-d57a60ec6039,Airport,2026-03-01 18:27:30,2026-03-01 18:28:07,21.61,1.2,clear
5cc0c914-9f10-429a-9d1a-5ee850b9e3be,Downtown,2026-03-01 18:27:56,2026-03-01 18:28:54,22.33,1.5,rain
f205916c-b390-45b3-a46f-c083c7e41b51,Airport,2026-03-01 18:28:55,2026-03-01 18:29:18,10.49,1.2,clear
3c33ee3e-4574-4c9d-9e0a-6ab28e2bfd70,UnionStation,2026-03-01 18:29:22,2026-03-01 18:29:37,27.17,1.5,rain
77c3d9e4-1238-4db4-b0dc-616fb7e111bc,Etobicoke,2026-03-01 18:31:05,2026-03-01 18:31:16,21.54,1.5,rain
c3364247-bce9-470d-96ca-2dca64d918c1,Airport,2026-03-01 18:31:06,2026-03-01 18:31:41,15.09,1.2,clear
e348da57-8005-4fc3-9e63-dc4b5f995471,Midtown,2026-03-01 18:28:52,2026-03-01 18:31:44,19.34,1.2,clear
d532a60e-91d3-45b5-8bd7-6f96f404332d,UofT,2026-03-01 18:24:47,2026-03-01 18:31:54,22.61,1.2,clear
63b9a896-3735-497f-87fe-19c5ac55b9c2,Etobicoke,2026-03-01 18:32:32,2026-03-01 18:32:43,17.78,1.2,clear
a31a3b7e-4a69-4a62-8e9b-1b0aac6cf41a,NorthYork,2026-03-01 18:25:41,2026-03-01 18:34:17,13.1,1.2,clear
cf1d9c0f-c8bf-4931-a9cf-53ee7c176e4d,NorthYork,2026-03-01 18:35:52,2026-03-01 18:35:56,28.42,1.2,clear
564a134e-e018-4318-a464-76782aeca502,Airport,2026-03-01 18:35:51,2026-03-01 18:36:28,35.97,1.5,rain
ef0e23c3-08ec-487f-885c-e2483979b9cf,NorthYork,2026-03-01 18:36:35,2026-03-01 18:37:02,12.22,1.2,clear
654eb394-7164-4bf9-aaae-420455ecf2f9,Midtown,2026-03-01 18:36:21,2026-03-01 18:37:18,14.35,1.2,clear
27b380ee-a07c-437f-b8bb-431c8b02e330,UnionStation,2026-03-01 18:37:13,2026-03-01 18:37:40,13.48,1.2,clear
8bbc59eb-7719-4d8f-acd5-7bfb87337444,UofT,2026-03-01 18:37:50,2026-03-01 18:37:57,16.27,1.2,clear
f8967ff9-8332-4597-be05-d2bd98952dad,Etobicoke,2026-03-01 18:38:01,2026-03-01 18:38:04,21.9,1.2,clear
b67d5c70-ac54-444d-aab3-1d8383c3f481,Etobicoke,2026-03-01 18:35:02,2026-03-01 18:38:29,13.59,1.5,rain
9464f47c-fccb-4089-909c-7eaf65e68095,Downtown,2026-03-01 18:39:15,2026-03-01 18:39:56,13.73,1.2,clear
685a0878-d2ef-4818-8982-7bb9ef6755b8,Downtown,2026-03-01 18:39:53,2026-03-01 18:40:04,13.43,1.5,rain
9b4bdcee-193d-41df-8133-2384071f95af,Scarborough,2026-03-01 18:40:56,2026-03-01 18:41:15,25.42,1.2,clear
ba1001ca-7d5b-43e9-9068-8f4950e13e6b,UofT,2026-03-01 18:40:13,2026-03-01 18:41:50,14.88,1.2,clear
79c6609f-4c5e-400b-8bfd-642c437c2d82,UnionStation,2026-03-01 18:42:30,2026-03-01 18:42:40,15.29,1.2,clear
23f70109-b999-4ae8-be4c-c428bf903d67,UnionStation,2026-03-01 18:42:58,2026-03-01 18:43:58,20.81,1.2,clear
7620e63c-1a49-4e40-97c3-07ab2a6bfa96,Waterfront,2026-03-01 18:43:32,2026-03-01 18:45:04,9.74,1.2,clear
d2f1ca84-bb97-4a8e-bbad-381e15a66ba9,Airport,2026-03-01 18:44:48,2026-03-01 18:45:23,25.24,1.8,snow
be95a518-f578-4a43-ad2f-826c6697ddbd,Downtown,2026-03-01 18:46:11,2026-03-01 18:46:11,40.36,1.8,snow
f32f3fef-b1a9-4f2e-a143-891a4dfb61f9,Yorkdale,2026-03-01 18:45:52,2026-03-01 18:46:21,28.5,1.2,clear
c87330f4-d106-47fc-8fa9-b1330c9a8e9e,Yorkdale,2026-03-01 18:47:52,2026-03-01 18:48:10,18.73,1.2,clear
db687254-9f8d-4bc6-b4ec-d107aa966965,Yorkdale,2026-03-01 18:48:12,2026-03-01 18:48:39,18.87,1.2,clear
cccd5cb6-13be-4c2c-867d-a6c50e9474a6,UnionStation,2026-03-01 18:48:18,2026-03-01 18:48:56,12.06,1.2,clear
70c565b6-3767-462d-8628-188dedf5590f,Etobicoke,2026-03-01 18:49:00,2026-03-01 18:49:37,29.44,1.2,clear
8181dc94-9cc6-4312-8daa-760e40c2fc10,UofT,2026-03-01 18:39:55,2026-03-01 18:49:43,18.19,1.2,clear
73d36004-ea5a-490c-965a-0be17531a54d,Waterfront,2026-03-01 18:47:47,2026-03-01 18:50:08,12.38,1.2,clear
f87b7feb-e49d-4161-a551-b2d6974222a1,Etobicoke,2026-03-01 18:48:37,2026-03-01 18:51:10,22.61,1.2,clear
2cb242e7-f9a8-4141-ac5d-53b703e24604,UnionStation,2026-03-01 18:47:01,2026-03-01 18:51:16,15.16,1.2,clear
f5bfeb59-5565-4b2b-90a8-bb46a993859a,Yorkdale,2026-03-01 18:48:33,2026-03-01 18:51:16,19.26,1.5,rain
345af0c7-8693-41c5-8650-a61ea9dffa83,Airport,2026-03-01 18:53:07,2026-03-01 18:53:47,20.98,1.2,clear
ad7a60df-00dc-452f-a363-a0dbd14217b7,UofT,2026-03-01 18:51:36,2026-03-01 18:53:59,13.39,1.5,rain
2de56fe8-7a96-4913-8b85-02d68b761f55,Airport,2026-03-01 18:53:59,2026-03-01 18:54:14,11.54,1.2,clear
c7a7feae-2790-4ecf-9bbb-4aa8cb76e15d,NorthYork,2026-03-01 18:54:22,2026-03-01 18:55:14,14.01,1.5,rain
3b2b00cc-4e75-486e-be13-d3581de29800,Scarborough,2026-03-01 18:55:51,2026-03-01 18:55:51,15.99,1.2,clear
c0369822-ec0c-48de-b6d1-56c51306fb6f,UnionStation,2026-03-01 18:55:49,2026-03-01 18:56:45,27.34,1.2,clear
c2f2ce2f-c204-4dc5-8199-6821ab57b8a6,Downtown,2026-03-01 18:57:28,2026-03-01 18:58:05,33.81,1.8,snow
7de875b9-f590-4e8a-a422-62ad7c44383e,NorthYork,2026-03-01 18:56:37,2026-03-01 18:58:42,18.14,1.2,clear
ad6022a4-936e-49d3-bd5d-245f8a6e4f75,Midtown,2026-03-01 18:58:26,2026-03-01 18:59:12,28.7,1.2,clear
8e098f7c-f356-475b-b218-a3154759e0c1,Scarborough,2026-03-01 18:58:47,2026-03-01 18:59:51,23.09,1.2,clear
c7b80fc6-7bf2-46dc-aaba-1434f2db5781,UofT,2026-03-01 18:58:47,2026-03-01 19:00:17,18.57,1.2,clear
5cb2e883-a385-4054-9390-2794e808d73c,NorthYork,2026-03-01 18:59:46,2026-03-01 19:00:38,25.4,1.2,clear
bf88a02b-7cd3-4310-b1fe-40906419d8c7,Scarborough,2026-03-01 18:58:52,2026-03-01 19:01:01,12.6,1.5,rain
e4bb3bb2-aa83-4e69-ab77-9d4eac8f29e4,Yorkdale,2026-03-01 18:56:35,2026-03-01 19:02:30,27.71,1.2,clear
fa5e61a3-ed09-4c2b-b6ef-c5cc22463044,NorthYork,2026-03-01 19:02:41,2026-03-01 19:03:15,29.84,1.2,clear
ba33230e-7a49-484c-af45-66a07b1022c3,Midtown,2026-03-01 19:03:03,2026-03-01 19:03:32,25.24,1.5,rain
51aede43-7e0b-4778-822b-e5eb9bc63bef,NorthYork,2026-03-01 19:01:32,2026-03-01 19:03:33,14.58,1.2,clear
90bf682e-86a7-4bf3-9873-e4dffd55bc53,Scarborough,2026-03-01 19:02:46,2026-03-01 19:04:14,10.19,1.2,clear
fc0ea96c-f6e2-46da-8686-ff0ab8e8801d,Midtown,2026-03-01 19:03:38,2026-03-01 19:04:38,26.72,1.2,clear
76213f27-ca08-459a-aabf-902dd7f2ccb7,Midtown,2026-03-01 19:04:57,2026-03-01 19:05:03,28.94,1.5,rain
fd33031b-a095-4a6e-b72d-2c1d26bc7bab,Airport,2026-03-01 19:04:50,2026-03-01 19:05:16,17.21,1.2,clear
1f9bea1d-2dc8-44ab-8582-8157d4a5fe7f,Yorkdale,2026-03-01 19:06:28,2026-03-01 19:06:49,36.94,1.5,rain
26e07d48-b7de-4272-a2d1-f15a492aaa09,Midtown,2026-03-01 18:58:41,2026-03-01 19:07:57,10.84,1.2,clear
fde26f94-c0fc-477c-98b8-5fdd3b34314d,Scarborough,2026-03-01 19:00:17,2026-03-01 19:08:41,26.78,1.2,clear
bbc447bd-4cb0-4b63-9ea0-cfa5ba82c20f,Etobicoke,2026-03-01 19:08:42,2026-03-01 19:08:56,33.1,1.5,rain
cdf81766-fae9-44eb-80c0-d2348cdb148e,Yorkdale,2026-03-01 19:09:05,2026-03-01 19:09:11,14.62,1.2,clear
0e24d46d-edf0-433e-a0d0-9d99f72407cf,UnionStation,2026-03-01 19:09:15,2026-03-01 19:09:52,23.43,1.5,rain
ab6074e5-162a-4400-aa06-f4058e410852,UnionStation,2026-03-01 19:09:55,2026-03-01 19:10:14,19.97,1.2,clear
3011cd29-4023-4bf8-b0f0-483f96b79518,Downtown,2026-03-01 19:10:13,2026-03-01 19:10:23,12.27,1.2,clear
553e6399-b91f-4f31-b18e-5def1df4a395,Yorkdale,2026-03-01 19:11:05,2026-03-01 19:12:21,15.02,1.5,rain
d3be7dfd-05a9-4e92-a40a-a741b3a24673,Downtown,2026-03-01 19:12:54,2026-03-01 19:13:06,20.21,1.2,clear
2eafdcc2-c108-4ab5-860f-36ba4af778b3,Midtown,2026-03-01 19:12:32,2026-03-01 19:13:18,29.52,1.2,clear
26f54a65-d6a5-4515-bb64-184963ca392c,UofT,2026-03-01 19:07:23,2026-03-01 19:13:18,9.89,1.2,clear
4bbc9a5d-57ee-4204-aaae-269cec927500,Yorkdale,2026-03-01 19:12:58,2026-03-01 19:13:32,28.05,1.8,snow
0c950d06-7a30-42e1-85fe-dfba49ddec85,Yorkdale,2026-03-01 19:13:40,2026-03-01 19:14:36,29.28,1.2,clear
4e6d5ce3-9edf-4845-b8eb-b1d8389c3542,Scarborough,2026-03-01 19:16:54,2026-03-01 19:17:03,18.81,1.2,clear
96e8af4b-fa4c-41d8-bea8-0515f15267e1,Etobicoke,2026-03-01 19:17:02,2026-03-01 19:17:28,32.45,1.5,rain
24b9b3b1-0da4-4f8f-8d78-1612167ca7a2,UofT,2026-03-01 19:18:40,2026-03-01 19:19:23,28.52,1.2,clear
55f3cd6d-3d18-480b-a8c5-896605d01fae,UofT,2026-03-01 19:17:59,2026-03-01 19:20:22,20.6,1.2,clear
dc90921b-756f-4a7e-8315-84f981d1556f,Midtown,2026-03-01 19:20:04,2026-03-01 19:20:34,11.64,1.2,clear
18845a2f-9bd4-403d-9667-ac5702d70d87,Yorkdale,2026-03-01 19:18:54,2026-03-01 19:21:14,18.58,1.2,clear
de7bc7e8-41ac-443c-9124-45f0cb619e35,UnionStation,2026-03-01 19:21:12,2026-03-01 19:21:57,29.32,1.2,clear
e60bbae0-a375-4e38-8539-d41ab73ddacb,UnionStation,2026-03-01 19:23:03,2026-03-01 19:24:03,13.48,1.2,clear
9af77f24-90dc-4ba7-ac48-8cbb87fe5d45,Midtown,2026-03-01 19:23:18,2026-03-01 19:24:13,19.28,1.2,clear
a31425f7-67a5-4ace-9516-f151a97e39b0,Airport,2026-03-01 19:21:57,2026-03-01 19:24:25,27.83,1.5,rain
e18caaca-3ed1-49cb-886b-751efe20074e,Etobicoke,2026-03-01 19:25:42,2026-03-01 19:25:46,41.09,1.8,snow
bce8c727-2701-4c26-922f-30928852b62a,UnionStation,2026-03-01 19:25:24,2026-03-01 19:26:15,31.77,1.8,snow
74db5276-64f7-4d68-90a9-4db3a1cccdc9,Downtown,2026-03-01 19:24:48,2026-03-01 19:27:38,23.27,1.2,clear
40ae7718-b9e1-43df-a7f1-f35315a52c5c,Yorkdale,2026-03-01 19:28:08,2026-03-01 19:28:09,23.1,1.2,clear
59f1d7d9-01ec-4a01-95f4-e62156b3eaf9,Downtown,2026-03-01 19:18:34,2026-03-01 19:28:27,10.0,1.2,clear
4d2573de-fe1d-4215-a2e9-e1c7de4b2283,UofT,2026-03-01 19:29:50,2026-03-01 19:30:47,19.32,1.2,clear
3e6d2de3-8609-44e4-825b-2b3fe3cb8e94,Midtown,2026-03-01 19:30:06,2026-03-01 19:31:01,23.34,1.2,clear
c5e56a40-61dd-450b-a4ab-a50b5125d944,Yorkdale,2026-03-01 19:31:23,2026-03-01 19:31:26,27.41,1.2,clear
b93a5efe-5897-49e4-9ce0-4f654fb373d2,Downtown,2026-03-01 19:30:48,2026-03-01 19:31:45,14.01,1.2,clear
a5de0bab-6e54-4962-b0b8-83faff0251f2,Etobicoke,2026-03-01 19:31:08,2026-03-01 19:31:56,15.22,1.2,clear
f21fa13d-4095-434c-80d9-cf7c4643342b,Midtown,2026-03-01 19:31:22,2026-03-01 19:32:11,24.18,1.2,clear
684b9bff-8c7d-484f-9c49-3530834813ba,Waterfront,2026-03-01 19:32:08,2026-03-01 19:32:17,35.58,1.5,rain
d328c3c4-7ac6-43fb-96c5-7eca34e63781,UnionStation,2026-03-01 19:31:40,2026-03-01 19:32:21,16.06,1.2,clear
2231e823-711d-49a2-b1aa-7b77df2c067c,UnionStation,2026-03-01 19:33:50,2026-03-01 19:33:51,28.5,1.5,rain
c772f98d-4d0e-41ce-96bc-ab6e997f8958,NorthYork,2026-03-01 19:34:24,2026-03-01 19:34:32,21.18,1.2,clear
8aeb436e-7422-4422-af19-73320f5e7756,Waterfront,2026-03-01 19:33:52,2026-03-01 19:34:49,19.5,1.2,clear
d9e780bd-8feb-4a74-83d3-ce9d0b0fa521,Midtown,2026-03-01 19:34:26,2026-03-01 19:35:04,29.19,1.5,rain
43fd56f2-2ab7-4f2c-99e6-70c0ad6c6271,Downtown,2026-03-01 19:34:18,2026-03-01 19:35:32,22.35,1.8,snow
0f499666-3594-4be7-a99e-757738c2357f,UofT,2026-03-01 19:35:55,2026-03-01 19:36:24,26.68,1.2,clear
02c5ad2e-7350-4c8e-b7d7-4b849231755f,Midtown,2026-03-01 19:36:33,2026-03-01 19:36:40,12.62,1.2,clear
075b799d-5cea-48c7-9998-7eac1c8b602e,UofT,2026-03-01 19:35:07,2026-03-01 19:37:50,15.74,1.2,clear
7a176702-ee07-40c6-9f54-e278b12dd023,Midtown,2026-03-01 19:37:48,2026-03-01 19:38:36,17.23,1.2,clear
3ed01631-42c2-4b1f-b14c-bba80f39abaa,Waterfront,2026-03-01 19:38:05,2026-03-01 19:38:41,22.47,1.2,clear
129a8155-097f-47b0-9049-0d7ca2319d7a,Yorkdale,2026-03-01 19:38:19,2026-03-01 19:38:44,27.03,1.2,clear
6ba10da6-eb74-4f71-b12d-7615c0109903,Downtown,2026-03-01 19:38:22,2026-03-01 19:39:03,21.26,1.8,snow
59a4a409-c3dc-41a3-a08a-19a1fecb4ace,UofT,2026-03-01 19:37:02,2026-03-01 19:39:14,22.54,1.2,clear
6a3b9a08-1158-4ba9-acd9-8a12b10b551e,UofT,2026-03-01 19:39:36,2026-03-01 19:39:56,10.41,1.2,clear
5db9c2e6-c741-4d0f-887f-4b2bbecce4d6,Yorkdale,2026-03-01 19:39:29,2026-03-01 19:40:12,23.83,1.2,clear
6a0292db-562f-434a-bb2e-239cd2a9e931,NorthYork,2026-03-01 19:39:55,2026-03-01 19:40:31,14.45,1.2,clear
3b181586-dd13-4a61-b5ae-e45086ecf288,Etobicoke,2026-03-01 19:40:04,2026-03-01 19:40:57,27.66,1.2,clear
d93b0256-2b53-409a-b83b-feae2eb0bf6b,Scarborough,2026-03-01 19:40:52,2026-03-01 19:40:57,25.73,1.2,clear
a216a75e-9092-498d-9b55-a54324a58f78,Airport,2026-03-01 19:40:48,2026-03-01 19:42:03,29.81,1.2,clear
e40191e0-a12e-4efa-a652-d872d3222703,Scarborough,2026-03-01 19:43:09,2026-03-01 19:43:10,17.33,1.2,clear
c164d1ec-4e80-4485-9b0b-3d1d07828f5e,Etobicoke,2026-03-01 19:45:02,2026-03-01 19:45:29,11.91,1.2,clear
fb9964a2-b7cc-4f33-8ee4-e166d7f03115,NorthYork,2026-03-01 19:46:28,2026-03-01 19:46:53,15.35,1.2,clear
912671d3-2f3c-458b-97a9-a4b738e1e91f,Downtown,2026-03-01 19:47:17,2026-03-01 19:47:47,14.45,1.2,clear
46923f92-8bc5-48fd-acf1-1e5b37e7f4b1,UnionStation,2026-03-01 19:49:59,2026-03-01 19:50:17,21.46,1.2,clear
b4b72271-0c88-4b3d-b09a-d03267e76e8c,UnionStation,2026-03-01 19:51:22,2026-03-01 19:51:54,10.21,1.2,clear
4f450304-d359-4257-a8c9-00daee0831a6,UnionStation,2026-03-01 19:51:51,2026-03-01 19:54:21,22.1,1.2,clear
09d9d423-0c89-40fe-bd8d-18aaa7919cb1,Airport,2026-03-01 19:53:40,2026-03-01 19:54:58,24.32,1.5,rain
4ae8b679-2c25-493c-8fd5-0b9fb885f6e0,Airport,2026-03-01 19:56:26,2026-03-01 19:56:34,10.53,1.2,clear
f4209668-c29b-446d-b65a-4fb7ddd74e16,Scarborough,2026-03-01 19:56:31,2026-03-01 19:56:42,25.14,1.2,clear
23233304-885e-432a-802c-c07b039b2a0a,Airport,2026-03-01 19:56:21,2026-03-01 19:56:54,12.66,1.2,clear
e2810ecf-7861-4a91-a142-59a9bd230f84,Scarborough,2026-03-01 19:56:42,2026-03-01 19:57:21,28.13,1.5,rain
00817e26-a43f-429d-b767-23220c3a23c0,Etobicoke,2026-03-01 19:57:08,2026-03-01 19:57:59,24.95,1.2,clear
0323f7d0-6202-4c38-ba63-e527870b5e94,UofT,2026-03-01 19:57:25,2026-03-01 19:58:07,24.52,1.8,snow
21da7365-6a9d-44e7-a9f9-4b8f1bcbc432,NorthYork,2026-03-01 19:58:21,2026-03-01 19:58:32,29.15,1.2,clear
3eb03edf-f41e-4460-9022-63421c9587b3,Yorkdale,2026-03-01 19:58:52,2026-03-01 19:58:59,25.43,1.2,clear
5c14df8f-aa73-4565-b5c8-15dc40506772,UofT,2026-03-01 19:58:59,2026-03-01 19:59:05,15.53,1.2,clear
49a5695b-ec6b-4829-ade0-20ab49f4fbfe,UofT,2026-03-01 19:58:45,2026-03-01 19:59:19,29.08,1.2,clear
cca86b65-548f-4d4f-a0fd-1295646d1785,UofT,2026-03-01 19:58:08,2026-03-01 19:59:29,12.29,1.2,clear
3e449222-1583-49b9-8824-223f954ad5a1,UofT,2026-03-01 20:00:45,2026-03-01 20:01:37,8.06,1.0,clear
ee781646-03c2-43ae-ba91-b02359b5010b,Etobicoke,2026-03-01 20:01:38,2026-03-01 20:01:58,15.11,1.0,clear
71e6584f-485b-47bb-99e7-2f19c72f46b4,Etobicoke,2026-03-01 20:01:25,2026-03-01 20:02:24,17.08,1.0,clear
f2827857-54f7-4edf-b6d3-de5404a680d9,Downtown,2026-03-01 20:01:42,2026-03-01 20:02:31,12.29,1.0,clear
c2b2c6f1-93a1-41bc-b4c5-3703f5aafd67,UnionStation,2026-03-01 20:02:09,2026-03-01 20:02:41,10.56,1.0,clear
00781843-315a-4946-b507-04a3dc3bbbae,Scarborough,2026-03-01 20:02:53,2026-03-01 20:03:24,24.43,1.0,clear
7dcad487-bd81-40ae-942f-8af135b982fe,Downtown,2026-03-01 20:03:19,2026-03-01 20:04:33,11.82,1.0,clear
9bb75e3f-6a7b-4e99-a844-77dcbf7b23cc,UofT,2026-03-01 20:04:36,2026-03-01 20:05:07,32.47,1.6,snow
0bdb5e3b-fb75-4182-8d80-ee30139d8828,Waterfront,2026-03-01 20:05:05,2026-03-01 20:05:50,9.12,1.0,clear
dc6d2760-7fb5-4fce-a842-6d006bd35711,Waterfront,2026-03-01 20:05:21,2026-03-01 20:05:59,20.63,1.0,clear
7b4e7715-5306-4eb4-ba7d-fac2325fa463,Scarborough,2026-03-01 20:04:39,2026-03-01 20:06:14,17.69,1.6,snow
0c0bc0b0-da3c-4b8c-9b32-1a9df85a49a9,Scarborough,2026-03-01 20:06:02,2026-03-01 20:06:21,20.7,1.3,rain
16129c09-c8e3-40bd-8ab6-eb3f14c6b6ff,Yorkdale,2026-03-01 20:04:20,2026-03-01 20:07:48,15.35,1.0,clear
b7194cec-fec2-4f03-80e9-d9b8f36b7240,UofT,2026-03-01 20:07:12,2026-03-01 20:08:06,17.93,1.3,rain
c0b6b9ac-2d97-4362-85e5-c01545ab1331,NorthYork,2026-03-01 20:08:32,2026-03-01 20:09:24,15.66,1.0,clear
555a4733-38d4-4111-828f-a79f40dec1c0,NorthYork,2026-03-01 20:09:22,2026-03-01 20:09:39,30.49,1.3,rain
0fe9917f-499a-4d1b-bbb8-a40f10ceff65,Airport,2026-03-01 20:09:29,2026-03-01 20:09:51,10.63,1.0,clear
03a4cbaf-ef61-4884-937d-9640974adc35,NorthYork,2026-03-01 20:05:48,2026-03-01 20:09:55,20.47,1.0,clear
efc15656-8c7a-43bc-9e6b-2f582f8f2554,Midtown,2026-03-01 20:07:56,2026-03-01 20:10:03,35.8,1.6,snow
e4fafbf5-11cb-4f4c-8759-615de4c887fd,Waterfront,2026-03-01 20:11:26,2026-03-01 20:11:37,11.72,1.0,clear
729f425c-b85e-4cb9-ad8a-a8f258f8a9f5,NorthYork,2026-03-01 20:12:17,2026-03-01 20:12:22,23.25,1.0,clear
fbe0e9b2-403f-449c-86ac-2004a357ecc1,UofT,2026-03-01 20:12:44,2026-03-01 20:13:25,24.34,1.0,clear
4738622e-2183-46f5-b1c4-f55e6ce82a47,Scarborough,2026-03-01 20:13:10,2026-03-01 20:13:53,13.86,1.0,clear
f4190137-9f84-4bb0-94b0-10a13c672ade,UofT,2026-03-01 20:14:08,2026-03-01 20:16:31,12.19,1.3,rain
c016f192-6980-430f-b633-b73405996ab4,Midtown,2026-03-01 20:15:55,2026-03-01 20:16:34,23.96,1.0,clear
338fcb3d-6a80-4333-a187-79b098bc9122,NorthYork,2026-03-01 20:16:03,2026-03-01 20:16:48,21.26,1.3,rain
1d2f0a8e-265c-4682-914c-b0fe51bbe40a,Scarborough,2026-03-01 20:17:28,2026-03-01 20:17:57,8.24,1.0,clear
1ed2ebc6-fe3e-45ed-aee2-c763f256befc,Scarborough,2026-03-01 20:18:36,2026-03-01 20:18:38,23.71,1.3,rain
0595ee3d-6b3a-407a-b759-c5988bef1700,Downtown,2026-03-01 20:18:13,2026-03-01 20:18:42,13.89,1.0,clear
4225b35b-d2c0-4c08-ba14-7f6e539f5aef,UofT,2026-03-01 20:19:47,2026-03-01 20:20:41,14.42,1.6,snow
57903aae-eb63-48be-b434-2c9c1375be80,Downtown,2026-03-01 20:20:57,2026-03-01 20:21:55,15.21,1.6,snow
1a0c0548-621b-463c-9795-99735eff7e56,Yorkdale,2026-03-01 20:21:47,2026-03-01 20:22:12,20.95,1.3,rain
29d2dbea-27df-4167-a673-602005dea6d2,Downtown,2026-03-01 20:22:22,2026-03-01 20:22:43,10.89,1.0,clear
2a7276d4-b8eb-4c5f-b67f-f98d194593a1,Yorkdale,2026-03-01 20:20:24,2026-03-01 20:22:53,22.38,1.0,clear
1220ce05-2657-4ad8-97e8-22eda57b434e,Yorkdale,2026-03-01 20:23:40,2026-03-01 20:24:28,20.17,1.0,clear
e3f35a34-42e0-4503-a3b0-50c1b1073f1c,Scarborough,2026-03-01 20:24:05,2026-03-01 20:24:32,24.32,1.3,rain
ef6e0f63-43fc-4eec-b3ec-e78544ece473,UofT,2026-03-01 20:25:12,2026-03-01 20:26:27,22.38,1.0,clear
3409f266-4dc0-4faa-9c22-95342a027b1d,NorthYork,2026-03-01 20:27:44,2026-03-01 20:27:47,20.6,1.0,clear
3c60005f-2103-4544-ae5d-d5efcc076569,Airport,2026-03-01 20:26:48,2026-03-01 20:29:48,14.98,1.0,clear
6e71e731-c13d-40fd-a1c0-fcac050fc47e,Downtown,2026-03-01 20:31:00,2026-03-01 20:31:09,8.27,1.0,clear
d8c925a0-581e-40a9-82e3-7272a9344254,NorthYork,2026-03-01 20:29:32,2026-03-01 20:31:49,10.01,1.0,clear
5e5d5eb8-f33a-4431-a725-fedf380faa21,Midtown,2026-03-01 20:31:45,2026-03-01 20:32:48,11.06,1.0,clear
d12a29f1-4287-4468-bad8-dd8ac75e553d,UnionStation,2026-03-01 20:31:20,2026-03-01 20:33:02,17.98,1.0,clear
9a2240c1-3679-4358-86b5-356aa88c5774,Downtown,2026-03-01 20:32:36,2026-03-01 20:33:10,9.46,1.0,clear
464b6ab6-e86d-4720-9014-b2ac1b117f3b,Scarborough,2026-03-01 20:34:20,2026-03-01 20:34:38,12.64,1.0,clear
98d538fb-f71e-4a4e-983d-257986145589,Airport,2026-03-01 20:35:08,2026-03-01 20:35:15,32.76,1.6,snow
c60cf31b-1f68-49cb-bb49-dc7058212666,Midtown,2026-03-01 20:34:15,2026-03-01 20:35:25,20.96,1.6,snow
c6275219-8938-4a79-a07e-81607bbd2b20,Airport,2026-03-01 20:35:41,2026-03-01 20:35:55,11.06,1.0,clear
c958b852-f2b0-4c9b-b318-7f184093ae49,Waterfront,2026-03-01 20:36:02,2026-03-01 20:36:50,31.16,1.3,rain
2018d809-b9c9-46fc-85e4-7dd03efeec0b,Midtown,2026-03-01 20:37:50,2026-03-01 20:38:11,12.28,1.0,clear
4d00582f-f663-459e-ba6f-764a37c94c3f,UofT,2026-03-01 20:38:09,2026-03-01 20:38:43,19.64,1.0,clear
d7e29454-6281-4b81-8327-4aa699305255,Downtown,2026-03-01 20:39:09,2026-03-01 20:39:57,24.13,1.0,clear
a73aaa5b-ea4a-4f4e-bc24-a5b93af85f73,Downtown,2026-03-01 20:31:14,2026-03-01 20:40:48,12.2,1.3,rain
b004cbb8-4268-4208-91fe-7b4a00875e9a,Waterfront,2026-03-01 20:40:37,2026-03-01 20:41:29,12.92,1.0,clear
9048894d-888a-4168-886e-a12696f595d3,NorthYork,2026-03-01 20:41:19,2026-03-01 20:41:33,10.52,1.0,clear
2c384883-1d6c-42f9-9429-0e41acb9a0a3,NorthYork,2026-03-01 20:41:51,2026-03-01 20:41:58,9.39,1.0,clear
77b1efcc-7a87-419a-93f5-8a3469636827,Downtown,2026-03-01 20:42:16,2026-03-01 20:42:26,22.48,1.0,clear
84ab3f8c-487f-4a15-88a2-2dde5454828e,Downtown,2026-03-01 20:40:27,2026-03-01 20:42:27,9.02,1.0,clear
a75727dc-ae08-4b8a-b7db-b7669dc59b34,NorthYork,2026-03-01 20:43:13,2026-03-01 20:44:03,13.17,1.0,clear
715db252-32b5-4964-aa8a-a9f4e58e57ed,Downtown,2026-03-01 20:39:41,2026-03-01 20:44:34,23.66,1.0,clear
842f6c54-ff53-40ed-98e5-a2e607cc05af,UofT,2026-03-01 20:44:26,2026-03-01 20:44:36,30.41,1.6,snow
d52a0059-648d-4c6d-b193-b3a29f64a282,UofT,2026-03-01 20:41:08,2026-03-01 20:44:48,23.22,1.3,rain
af02c430-e36a-4e1f-9680-9cf038e51542,UofT,2026-03-01 20:42:25,2026-03-01 20:45:22,14.82,1.0,clear
ab32a1ff-bd8e-4ac9-8ac3-d759822c0487,Etobicoke,2026-03-01 20:45:52,2026-03-01 20:45:56,27.71,1.3,rain
766f6e72-a7a0-40e2-9bc9-ee54b4b35dbc,Etobicoke,2026-03-01 20:46:27,2026-03-01 20:47:07,29.39,1.6,snow
79d20eb9-c440-45b3-a8a5-b63e58ab848f,Etobicoke,2026-03-01 20:47:23,2026-03-01 20:47:26,18.61,1.0,clear
70766fa4-cb8a-40dc-a3b9-de8424c30579,Yorkdale,2026-03-01 20:47:27,2026-03-01 20:47:33,21.73,1.0,clear
9feec74a-5924-4413-b56e-899420ac33c3,Etobicoke,2026-03-01 20:47:43,2026-03-01 20:48:41,13.19,1.3,rain
65e41fc0-a87f-4c27-a1f7-0bb414eabf7b,UnionStation,2026-03-01 20:48:03,2026-03-01 20:48:50,24.74,1.0,clear
45d07e25-3ff0-467f-bb71-db33d430122d,Waterfront,2026-03-01 20:48:10,2026-03-01 20:48:58,19.72,1.6,snow
631a9871-5b61-4f84-a33e-a8aab95859a9,Airport,2026-03-01 20:49:27,2026-03-01 20:49:44,10.88,1.0,clear
41a1dc41-8f76-401a-b813-ee13df33b12f,Airport,2026-03-01 20:49:19,2026-03-01 20:50:02,21.55,1.0,clear
66de3a5c-d84d-41c8-83df-1e58e124428c,Midtown,2026-03-01 20:49:38,2026-03-01 20:50:08,19.67,1.0,clear
69ba3988-7aeb-4ab5-9e5c-4d6f0c6e65b6,Downtown,2026-03-01 20:51:28,2026-03-01 20:51:35,19.78,1.0,clear
c3f8ea31-0288-4643-bf74-48bb2a5c175a,Waterfront,2026-03-01 20:52:12,2026-03-01 20:52:51,14.04,1.0,clear
1aad72a1-93b0-4d8e-9ff8-3b87875c3a29,NorthYork,2026-03-01 20:46:48,2026-03-01 20:53:13,21.04,1.0,clear
36eb59f3-8913-438e-a34d-54c1a3be318a,Downtown,2026-03-01 20:53:16,2026-03-01 20:54:05,8.68,1.0,clear
842ac3ab-6211-4e6d-a3f5-2b50ffd2c3de,Waterfront,2026-03-01 20:55:04,2026-03-01 20:55:06,11.14,1.0,clear
21b48e9f-590a-4966-a57c-42f583c42249,UofT,2026-03-01 20:54:20,2026-03-01 20:55:12,15.87,1.0,clear
737c1163-0089-499a-9b34-8fb18eaf148a,Downtown,2026-03-01 20:55:08,2026-03-01 20:56:04,39.26,1.6,snow
2e1e2b4b-7eb0-4401-b799-c97173837aa8,Scarborough,2026-03-01 20:54:52,2026-03-01 20:56:18,13.77,1.3,rain
b32b4417-df1d-4eae-981e-3d7928bba95f,Scarborough,2026-03-01 20:56:35,2026-03-01 20:56:53,23.12,1.0,clear
847a8b05-279c-46d9-bf3e-e6c48ad8b596,Yorkdale,2026-03-01 20:57:32,2026-03-01 20:57:42,19.36,1.0,clear
63720ffa-ea6e-49b9-a32d-6dae6a49e52a,Midtown,2026-03-01 20:58:01,2026-03-01 20:58:08,21.88,1.0,clear
9e5ba437-9701-4943-92e8-a8e2d384d38f,NorthYork,2026-03-01 20:56:38,2026-03-01 20:58:24,19.41,1.6,snow
fadfa3bc-f8e9-40e5-b193-efbb70d39acd,Airport,2026-03-01 20:51:01,2026-03-01 20:58:27,16.93,1.0,clear
0f57190e-b477-4548-b68a-0e90cb5172e7,Etobicoke,2026-03-01 20:57:36,2026-03-01 20:58:33,13.08,1.0,clear
05ca1124-5790-42d8-be87-0c8ceaf3b661,UnionStation,2026-03-01 20:58:19,2026-03-01 20:58:39,15.2,1.0,clear
750b2397-e2bc-45a9-aea0-8dfb66d878f8,UofT,2026-03-01 20:58:19,2026-03-01 20:59:20,23.3,1.0,clear
da1b7f53-8bc4-4842-b8ba-a4d4772ee5c5,NorthYork,2026-03-01 20:59:58,2026-03-01 21:00:29,15.08,1.0,clear
91106f1c-1019-42d8-ab6b-b91edb3edeed,Downtown,2026-03-01 21:00:09,2026-03-01 21:01:06,17.95,1.6,snow
fd6bf4f8-26c7-4277-a62c-bb1b9c989956,Midtown,2026-03-01 21:02:46,2026-03-01 21:02:47,21.59,1.0,clear
50547239-b27b-49a8-ae87-1e4cbbb19994,Waterfront,2026-03-01 21:03:01,2026-03-01 21:03:13,12.25,1.0,clear
b563db8e-4e98-4ddc-aeb7-a47d9ff3bd8e,Yorkdale,2026-03-01 21:03:41,2026-03-01 21:04:21,17.92,1.0,clear
f1dec4f3-ad58-446d-9ef1-7c8c7751bab0,Yorkdale,2026-03-01 21:04:06,2026-03-01 21:04:38,11.22,1.3,rain
94a1a0fb-6123-43e7-bce3-74be3ae9482f,UofT,2026-03-01 21:02:30,2026-03-01 21:04:56,13.1,1.0,clear
b0ea8962-e2aa-486b-b1c9-2ef4d5394422,UnionStation,2026-03-01 20:57:35,2026-03-01 21:06:22,14.4,1.0,clear
f9edb592-3432-4fa1-b857-66cf35eade11,UofT,2026-03-01 20:58:43,2026-03-01 21:06:30,9.58,1.0,clear
122bdbd9-cdad-4369-ac73-92d232a83627,Yorkdale,2026-03-01 21:03:43,2026-03-01 21:06:42,8.24,1.0,clear
cceb41c3-82c5-4033-89d8-45df57a3c107,Airport,2026-03-01 21:06:39,2026-03-01 21:07:27,16.7,1.3,rain
fdd117ae-db41-41dc-a871-fa649586450f,Yorkdale,2026-03-01 21:06:59,2026-03-01 21:07:31,15.51,1.0,clear
9242c47d-40e5-4707-99d0-b39a40ccbbf3,Downtown,2026-03-01 21:08:42,2026-03-01 21:09:21,20.41,1.3,rain
20ef87e5-fbb0-483b-b56f-acfa9bd31a13,Yorkdale,2026-03-01 21:08:09,2026-03-01 21:10:24,14.65,1.0,clear
b56bd3e8-66d5-4041-85cc-336f358c9922,Etobicoke,2026-03-01 21:09:37,2026-03-01 21:10:34,19.05,1.0,clear
eee66400-7ee1-47b4-aa0b-be5c88bd751f,Yorkdale,2026-03-01 21:10:30,2026-03-01 21:10:49,29.06,1.3,rain
40143b7a-e47b-4b0b-bb6d-5da0af3f3a3b,UnionStation,2026-03-01 21:10:32,2026-03-01 21:10:55,22.8,1.0,clear
61eb24fe-a61b-4e3b-92c1-322da95b9fa3,Downtown,2026-03-01 21:12:22,2026-03-01 21:12:55,21.46,1.0,clear
2b40a173-ea75-422a-aeb9-370ae8f32446,Etobicoke,2026-03-01 21:14:44,2026-03-01 21:14:47,16.66,1.0,clear
cddc6541-9b6a-4791-b82d-4392af600768,NorthYork,2026-03-01 21:15:44,2026-03-01 21:15:53,20.06,1.0,clear
7266b336-4dcf-4a3a-8525-5702e81a3a1c,Downtown,2026-03-01 21:15:41,2026-03-01 21:16:03,18.81,1.3,rain
40de75c3-584e-4b29-8bee-9f46c666dec2,Etobicoke,2026-03-01 21:16:28,2026-03-01 21:16:34,31.07,1.3,rain
f34ae97a-991c-470d-bf51-a3a5dad26e72,Scarborough,2026-03-01 21:14:20,2026-03-01 21:16:43,16.41,1.0,clear
4ce589ff-5c6d-4329-8fc1-f362c8762161,UnionStation,2026-03-01 21:16:49,2026-03-01 21:17:07,17.54,1.0,clear
2a86eddc-50af-469b-b92a-9bee17816884,NorthYork,2026-03-01 21:16:47,2026-03-01 21:17:28,23.88,1.0,clear
c93f735e-b922-4ff7-9eec-0ec4ce583d0b,Scarborough,2026-03-01 21:10:25,2026-03-01 21:18:06,13.84,1.0,clear
2d98c7c4-ea10-4d85-8817-2ef8f1fc11fd,Airport,2026-03-01 21:18:55,2026-03-01 21:19:24,13.5,1.0,clear
4d600ef6-7177-427d-87ca-a54cd9b54f8e,Scarborough,2026-03-01 21:19:27,2026-03-01 21:19:41,11.39,1.0,clear
fc8cb96a-a405-4b91-9c26-4892ba2b83b4,Midtown,2026-03-01 21:20:58,2026-03-01 21:21:55,17.66,1.3,rain
771fbc88-61c2-4a46-9779-e64d4db91ab1,Airport,2026-03-01 21:22:03,2026-03-01 21:22:56,22.24,1.0,clear
96945ae1-c65c-4382-a2b7-f0ea02ec9ba5,NorthYork,2026-03-01 21:23:34,2026-03-01 21:23:53,19.74,1.0,clear
40337d9c-d8b4-42d6-9615-38eba81ed69b,UnionStation,2026-03-01 21:23:06,2026-03-01 21:23:56,8.68,1.0,clear
b5928324-40e9-4bec-9d84-1689fd9145a0,Downtown,2026-03-01 21:22:35,2026-03-01 21:23:57,28.47,1.6,snow
53ecf90f-37b8-4795-84f6-1b492a14f906,NorthYork,2026-03-01 21:25:58,2026-03-01 21:26:44,13.07,1.0,clear
36c036cb-eb29-4091-bbab-d977bd86df50,Etobicoke,2026-03-01 21:24:55,2026-03-01 21:26:49,22.61,1.0,clear
fd8970aa-37dd-46fe-92aa-2e994777f1f2,UofT,2026-03-01 21:26:18,2026-03-01 21:28:28,19.91,1.0,clear
33bfd08f-882b-486a-aeaf-8eea7fa62784,Airport,2026-03-01 21:27:54,2026-03-01 21:28:35,18.09,1.0,clear
f4dc225d-5b4e-405c-8175-c3d2e5e59332,Midtown,2026-03-01 21:28:24,2026-03-01 21:28:41,11.82,1.0,clear
99158d38-aca5-43eb-9d6b-737cd76016c4,Etobicoke,2026-03-01 21:25:39,2026-03-01 21:29:29,9.02,1.0,clear
19a50584-1476-4899-9e83-2da527dd121e,Airport,2026-03-01 21:30:01,2026-03-01 21:30:30,20.93,1.0,clear
da3c60c7-f466-4a10-bcc1-42a18accdf41,Midtown,2026-03-01 21:29:33,2026-03-01 21:30:31,15.93,1.3,rain
efd38067-167f-40c8-85d6-33f25675be39,Yorkdale,2026-03-01 21:31:08,2026-03-01 21:31:09,19.11,1.6,snow
c53a6324-9bfe-4bd0-95ce-f9d64d3da675,Scarborough,2026-03-01 21:29:16,2026-03-01 21:32:23,12.6,1.3,rain
b5158888-7999-4b8f-8fcd-2ee30ba0fae5,Downtown,2026-03-01 21:32:17,2026-03-01 21:32:53,31.34,1.3,rain
46c81486-8a15-4d69-a4de-f3052aa222be,Scarborough,2026-03-01 21:32:46,2026-03-01 21:33:02,15.17,1.0,clear
3f6ca677-06f2-422d-b728-332d2ba68cb7,UofT,2026-03-01 21:32:34,2026-03-01 21:33:24,32.72,1.6,snow
08e0c5b1-eb39-47bb-b225-e17848612db3,Yorkdale,2026-03-01 21:32:49,2026-03-01 21:33:42,20.25,1.0,clear
a2d9c090-6ca4-4e44-a922-ae45dea426cb,NorthYork,2026-03-01 21:34:16,2026-03-01 21:35:12,22.12,1.0,clear
0770cb34-6fe5-4ecf-a783-252ee9b5b697,Waterfront,2026-03-01 21:35:09,2026-03-01 21:35:29,13.07,1.0,clear
47511b17-9e35-49e4-84ce-e125ace5a00d,Etobicoke,2026-03-01 21:30:02,2026-03-01 21:36:18,17.32,1.0,clear
1ff879fb-1a58-493a-aece-a7c519d86de5,NorthYork,2026-03-01 21:36:50,2026-03-01 21:37:50,18.27,1.3,rain
bfae4a17-7bae-4f9d-8eaa-2178182187ff,NorthYork,2026-03-01 21:34:20,2026-03-01 21:38:16,20.35,1.0,clear
52af4b1d-329f-40ab-8c76-cfc3efc0cfb4,UofT,2026-03-01 21:41:25,2026-03-01 21:41:51,20.38,1.0,clear
59443a35-32fc-42bf-b1ad-e6af84e12836,Downtown,2026-03-01 21:41:56,2026-03-01 21:42:47,24.79,1.0,clear
7da5a7d6-9028-43d8-9cb4-4f8471c1d125,NorthYork,2026-03-01 21:42:19,2026-03-01 21:43:05,24.12,1.0,clear
c5611fd2-e4ac-4d94-868e-64e632cabf11,Waterfront,2026-03-01 21:42:34,2026-03-01 21:43:24,31.4,1.3,rain
a0acbf75-c727-4486-8d93-86b584274b6e,Waterfront,2026-03-01 21:42:54,2026-03-01 21:43:38,11.16,1.0,clear
1410f2cb-8b71-4b24-814c-744e05dd9eed,Etobicoke,2026-03-01 21:42:52,2026-03-01 21:45:45,9.54,1.0,clear
e22f68f5-bc03-41df-8dea-5728b4ce480f,Yorkdale,2026-03-01 21:42:15,2026-03-01 21:47:47,14.47,1.0,clear
411d730f-5854-47a5-88fd-6b5d69489625,Airport,2026-03-01 21:47:50,2026-03-01 21:48:06,10.64,1.0,clear
a743e35f-6bf6-42a9-a400-0a67174248fe,UofT,2026-03-01 21:46:59,2026-03-01 21:48:13,17.89,1.0,clear
6661a25e-2938-4ff6-a670-5e8535bd2b01,Downtown,2026-03-01 21:50:18,2026-03-01 21:50:48,21.52,1.3,rain
20ea17c2-255e-459f-91fc-563453079fe4,Scarborough,2026-03-01 21:50:36,2026-03-01 21:51:01,24.88,1.0,clear
c5df28e5-140b-4a4c-a8f9-89d93c3e742e,Etobicoke,2026-03-01 21:51:15,2026-03-01 21:51:17,11.77,1.0,clear
9f8c97db-7150-452a-a582-0f093f2bf1ec,UnionStation,2026-03-01 21:51:37,2026-03-01 21:52:04,27.7,1.3,rain
739ecbb9-63e3-4f6f-bfd7-d6e286e4e5c8,Downtown,2026-03-01 21:46:47,2026-03-01 21:52:58,21.04,1.0,clear
09b297f3-f86f-4ebf-875b-e8b57aefb578,Midtown,2026-03-01 21:53:24,2026-03-01 21:54:15,10.55,1.0,clear
ce81faee-95ec-452b-b919-9c7f57b7c615,Downtown,2026-03-01 21:55:07,2026-03-01 21:55:24,15.13,1.0,clear
c22e55a6-cb47-40bd-a377-fe9c81d262e4,Yorkdale,2026-03-01 21:55:24,2026-03-01 21:57:46,13.14,1.6,snow
68b9b9b3-ff66-4cff-a471-8f14f4e76264,Scarborough,2026-03-01 21:57:59,2026-03-01 21:58:08,16.8,1.0,clear
758a2f20-3417-400f-8cfb-fdf48d879bb2,UnionStation,2026-03-01 21:57:54,2026-03-01 21:58:47,9.87,1.0,clear
5fb0b5de-d190-4d0b-bd15-632535b8f78c,Midtown,2026-03-01 21:54:21,2026-03-01 21:59:04,8.01,1.0,clear
1ba5f77c-a295-4ce0-b3b5-4fb7dfb0b689,Etobicoke,2026-03-01 21:52:46,2026-03-01 22:00:41,24.19,1.0,clear
fd58617a-775a-40d0-b209-87f48f71d4d1,NorthYork,2026-03-01 21:58:49,2026-03-01 22:01:02,24.35,1.0,clear
cedd9931-1a27-433b-a6e4-8ca2a2639ed8,Waterfront,2026-03-01 22:00:57,2026-03-01 22:01:04,21.65,1.0,clear
43b3f060-6509-4dcd-9c87-feb3b949af52,NorthYork,2026-03-01 22:01:09,2026-03-01 22:01:48,12.41,1.0,clear
dab4df90-1e98-4332-ac78-11c2f4be4eb4,Midtown,2026-03-01 22:01:16,2026-03-01 22:03:20,25.59,1.3,rain
f7c10d83-4e03-4c6c-abe8-8e2e44e72c7c,Airport,2026-03-01 22:04:12,2026-03-01 22:04:14,19.26,1.0,clear
7713096e-a369-44f1-835f-fec49484367e,Midtown,2026-03-01 22:03:53,2026-03-01 22:04:25,9.89,1.0,clear
ab217a73-088c-4ca3-9e64-ef44ece59132,Airport,2026-03-01 22:04:23,2026-03-01 22:05:02,13.42,1.0,clear
e4648a8f-4eab-477e-b2d9-91340622eb54,NorthYork,2026-03-01 22:07:18,2026-03-01 22:07:37,29.14,1.3,rain
56daabb2-c3ea-44db-a8bd-b65fb685cba0,NorthYork,2026-03-01 22:08:56,2026-03-01 22:09:18,19.77,1.3,rain
dc037123-096e-4e8e-8e3a-bc42ad6aa838,Etobicoke,2026-03-01 22:08:29,2026-03-01 22:09:18,17.39,1.0,clear
e37261ef-9ddf-4c48-9796-80def1b86c28,UnionStation,2026-03-01 22:11:09,2026-03-01 22:11:28,13.74,1.0,clear
2fdd6063-4bed-42fc-9410-a0cfe9c51293,Waterfront,2026-03-01 22:10:40,2026-03-01 22:11:39,10.78,1.0,clear
67a3c1c4-1fe7-4d48-8685-28064e027724,UofT,2026-03-01 22:11:04,2026-03-01 22:12:03,13.59,1.0,clear
799fc8cc-bb8e-4696-b0b1-9484ffc5a258,UnionStation,2026-03-01 22:12:43,2026-03-01 22:13:20,19.63,1.0,clear
b955918c-7573-4cbb-923a-6a1b86772fe2,Etobicoke,2026-03-01 22:14:10,2026-03-01 22:14:34,17.51,1.0,clear
25b40dd7-2a98-4f8b-b1e7-d5bb9679fab2,Yorkdale,2026-03-01 22:14:56,2026-03-01 22:15:33,11.02,1.0,clear
0c2360c5-eeea-4563-be59-16d0b952697b,Downtown,2026-03-01 22:18:24,2026-03-01 22:19:14,24.44,1.0,clear
447e11b4-f21f-471a-b290-f4f6b5aaf328,Downtown,2026-03-01 22:18:55,2026-03-01 22:19:26,16.59,1.0,clear
2ca35646-e968-4d1e-bfc8-796e19900791,Scarborough,2026-03-01 22:20:40,2026-03-01 22:21:26,21.85,1.0,clear
6cad403b-b9c8-4d7e-adc7-e3d87673a141,Yorkdale,2026-03-01 22:21:00,2026-03-01 22:21:28,8.5,1.0,clear
b038d246-8c33-4214-9ff1-54b9385f5c82,Waterfront,2026-03-01 22:21:22,2026-03-01 22:22:22,20.26,1.3,rain
9424e89b-918d-4df4-9a4e-ea52779ae959,Yorkdale,2026-03-01 22:19:46,2026-03-01 22:22:56,17.18,1.0,clear
59b2ff69-963f-463e-9cf1-bd142e75d115,Midtown,2026-03-01 22:21:32,2026-03-01 22:22:58,14.61,1.0,clear
721c8f98-b77d-4c72-9b91-712c8bf2a6f5,NorthYork,2026-03-01 22:22:18,2026-03-01 22:23:01,8.03,1.0,clear
bc8f4ae8-a556-4ac7-bc05-ce44f08c3333,Scarborough,2026-03-01 22:24:31,2026-03-01 22:25:02,10.82,1.0,clear
5c79a394-14a5-4d6f-89d0-535a90952e2c,Scarborough,2026-03-01 22:24:54,2026-03-01 22:25:08,15.42,1.0,clear
0c97db52-0732-4097-946e-58f8732b02e3,UofT,2026-03-01 22:24:38,2026-03-01 22:25:24,9.82,1.0,clear
f198ee49-b41b-411c-90aa-c85a8de0cc40,Airport,2026-03-01 22:25:39,2026-03-01 22:26:22,12.53,1.0,clear
abd0889c-90e8-4c98-b4fd-e9da82748e81,Airport,2026-03-01 22:25:54,2026-03-01 22:26:44,18.99,1.3,rain
e00bff70-05cd-44f1-9ee8-93698563b102,NorthYork,2026-03-01 22:24:41,2026-03-01 22:26:58,21.3,1.0,clear
49c62df8-2e3e-4767-b351-647ebdc58b72,Etobicoke,2026-03-01 22:28:53,2026-03-01 22:28:59,22.48,1.0,clear
be2cf604-f036-4274-9ff0-4c86048962a5,UnionStation,2026-03-01 22:29:22,2026-03-01 22:30:11,16.46,1.0,clear
cab6dfbe-f446-435d-b5a1-f3e1dde4e4ca,Scarborough,2026-03-01 22:31:10,2026-03-01 22:31:28,8.78,1.0,clear
a8ae5c9e-9d9a-41f9-935e-72798834fba0,UofT,2026-03-01 22:30:18,2026-03-01 22:31:49,12.35,1.3,rain
0f7bf6a5-3625-4c6e-9511-31157a7e24cd,Scarborough,2026-03-01 22:31:27,2026-03-01 22:32:11,14.43,1.6,snow
93c8ed66-4366-4454-8cdf-a687614de7d3,Etobicoke,2026-03-01 22:29:04,2026-03-01 22:33:21,14.21,1.3,rain
c906ff72-e318-458d-a3cc-1509e24925db,NorthYork,2026-03-01 22:27:43,2026-03-01 22:33:32,17.79,1.6,snow
66e01074-f6eb-469c-834c-1c502d17818d,Airport,2026-03-01 22:33:25,2026-03-01 22:34:17,11.76,1.0,clear
ab6b3aae-fcf0-4eb5-98bb-144c201db0c9,Scarborough,2026-03-01 22:33:49,2026-03-01 22:34:23,17.49,1.3,rain
2aef3a30-878b-450a-b505-f089c1cfebac,Etobicoke,2026-03-01 22:34:49,2026-03-01 22:35:41,20.13,1.3,rain
6b68d1c6-d985-46d4-905b-e9efe03dab99,Scarborough,2026-03-01 22:35:52,2026-03-01 22:36:40,22.77,1.0,clear
304e01af-d261-456e-a9cd-3d39ec6c0df9,Downtown,2026-03-01 22:31:27,2026-03-01 22:36:41,17.91,1.0,clear
029858cb-0703-429f-926d-fa5ada59b538,Waterfront,2026-03-01 22:36:36,2026-03-01 22:36:43,10.7,1.3,rain
8dbf6e61-20ee-4806-b244-464dfd4d3405,Scarborough,2026-03-01 22:36:52,2026-03-01 22:37:23,15.35,1.0,clear
468539ad-20cc-49c7-b1c6-a40f8c6bb762,Etobicoke,2026-03-01 22:33:50,2026-03-01 22:37:46,8.54,1.0,clear
4aed888a-dcfb-4544-8fcf-acab9701444c,Etobicoke,2026-03-01 22:37:45,2026-03-01 22:38:45,28.24,1.3,rain
001a91cc-b802-4853-a98d-902e8854972f,UnionStation,2026-03-01 22:40:46,2026-03-01 22:41:43,11.4,1.0,clear
1f274440-2509-4391-b881-a9d82817d41e,Yorkdale,2026-03-01 22:41:29,2026-03-01 22:43:12,14.7,1.0,clear
8f5ccdf9-461e-41c7-a772-6ca1595064da,Downtown,2026-03-01 22:43:50,2026-03-01 22:44:40,10.16,1.0,clear
14b902a5-cf1e-4208-9437-03d4e3205b01,Yorkdale,2026-03-01 22:44:49,2026-03-01 22:44:51,23.3,1.0,clear
381a53a0-d9f5-4939-9d8f-eb64503c717c,Downtown,2026-03-01 22:43:09,2026-03-01 22:45:28,21.52,1.0,clear
d36b61b8-60da-45a9-b8e6-e8c0f2e4ef25,UofT,2026-03-01 22:45:16,2026-03-01 22:45:30,13.96,1.0,clear
71693cc9-c07e-4cf0-89b0-15375d60c841,Yorkdale,2026-03-01 22:43:56,2026-03-01 22:45:47,23.09,1.0,clear
1ceea2f4-34b4-4f7c-aa1b-2399faf51cd4,Yorkdale,2026-03-01 22:45:31,2026-03-01 22:45:49,8.44,1.0,clear
d07918d2-32a0-40f5-b7e4-b35c51fe9d69,Yorkdale,2026-03-01 22:45:02,2026-03-01 22:45:50,17.6,1.0,clear
5af659b4-42e5-47f2-a281-05a7c17bc054,UnionStation,2026-03-01 22:45:58,2026-03-01 22:46:38,21.74,1.0,clear
e45c86e8-f6ca-4777-b61a-bb88982debc8,Yorkdale,2026-03-01 22:38:10,2026-03-01 22:47:05,8.45,1.0,clear
cf9d81fd-1455-444a-ade1-1160008fdee8,Airport,2026-03-01 22:48:38,2026-03-01 22:48:45,23.79,1.3,rain
8b568523-df13-4d90-ac31-5773e4d65bd4,Airport,2026-03-01 22:50:03,2026-03-01 22:52:30,16.21,1.0,clear
ff5dbadf-7ffa-473b-a9ca-01a7be85b9a5,Waterfront,2026-03-01 22:50:11,2026-03-01 22:52:54,17.47,1.3,rain
df8fe1bb-bd1e-4ba9-b404-b1b518a90e6b,UofT,2026-03-01 22:51:52,2026-03-01 22:52:54,22.95,1.6,snow
7d887ac8-06bd-43aa-a43b-4b5f88a015c4,UofT,2026-03-01 22:51:25,2026-03-01 22:53:35,10.42,1.0,clear
b854aa24-6849-4320-9195-5a5cbdfdd6fa,Scarborough,2026-03-01 22:55:06,2026-03-01 22:55:27,13.91,1.3,rain
9ad8aea0-1005-4ac9-a2e3-c60a356dd46c,Etobicoke,2026-03-01 22:55:49,2026-03-01 22:55:58,20.41,1.0,clear
20bd2702-acc3-415f-951b-b801885c5142,UnionStation,2026-03-01 22:55:57,2026-03-01 22:56:32,12.42,1.0,clear
9f84914e-b8e1-4d08-856c-fcc67f4e2abf,Etobicoke,2026-03-01 22:56:43,2026-03-01 22:56:43,14.62,1.0,clear
ecd833f8-36c6-4c5d-8fe1-674965445a31,UofT,2026-03-01 22:56:35,2026-03-01 22:56:54,10.47,1.3,rain
a5178da8-0d7f-48ff-b172-24395a90448b,UnionStation,2026-03-01 22:56:54,2026-03-01 22:56:58,23.6,1.0,clear
ec647290-f941-4197-b840-5a46cce8cf9b,Downtown,2026-03-01 22:54:38,2026-03-01 22:57:17,24.44,1.0,clear
cf4c174d-db5c-42b1-8a47-e2951809a327,Airport,2026-03-01 22:57:40,2026-03-01 22:58:15,21.35,1.0,clear
8d20ba50-3a4b-48aa-adac-2e09af76c202,NorthYork,2026-03-01 22:59:16,2026-03-01 22:59:35,11.64,1.3,rain
b90f4ef0-e201-453a-a0f9-03fdce600ae5,UnionStation,2026-03-01 23:01:13,2026-03-01 23:02:02,9.37,1.0,clear
d792a0e9-338e-46ec-84a7-7bde55f0f092,UnionStation,2026-03-01 23:02:09,2026-03-01 23:02:35,24.29,1.0,clear
7807d64e-71d8-4f91-8087-3af4c4a368e7,Yorkdale,2026-03-01 23:02:07,2026-03-01 23:04:17,15.06,1.6,snow
2e9a4ad0-fd6f-4fd8-9f54-989f817e95be,Etobicoke,2026-03-01 23:02:18,2026-03-01 23:05:01,21.34,1.0,clear
631f8425-4abc-4db9-aff7-b6783c53403b,NorthYork,2026-03-01 23:04:45,2026-03-01 23:05:36,19.45,1.0,clear
6c529b38-9843-47be-bdd8-4b4daeb07fd9,UnionStation,2026-03-01 23:04:10,2026-03-01 23:06:08,19.81,1.0,clear
ef251b40-e88a-4011-8483-c9853bf6d773,Yorkdale,2026-03-01 23:05:39,2026-03-01 23:06:16,11.75,1.0,clear
7752d6be-dc50-4b2d-97f0-7767763ddcf9,Airport,2026-03-01 23:06:43,2026-03-01 23:06:46,14.64,1.0,clear
d6152650-9810-48ee-93d2-c21d989378ba,Yorkdale,2026-03-01 23:07:49,2026-03-01 23:08:17,10.57,1.0,clear
c4b775bd-0959-4e7c-998d-6879bfb34611,Downtown,2026-03-01 23:06:05,2026-03-01 23:08:18,11.56,1.0,clear
85ed5c29-fdf5-40a4-a895-342b99ae9c8e,Etobicoke,2026-03-01 23:09:57,2026-03-01 23:10:07,23.76,1.6,snow
24122414-471d-4d55-b4d9-4a226ce40ec0,UofT,2026-03-01 23:13:26,2026-03-01 23:13:54,17.76,1.0,clear
f250a388-0cb4-4f16-a059-2e1689ec06a5,Scarborough,2026-03-01 23:13:36,2026-03-01 23:14:36,13.23,1.0,clear
219c5a7a-b97a-48e3-aebe-080e600d1c71,Yorkdale,2026-03-01 23:14:34,2026-03-01 23:14:40,20.55,1.3,rain
68d6a9d7-8f4f-4c1f-9ec0-490f1f348c05,UnionStation,2026-03-01 23:14:07,2026-03-01 23:14:48,19.18,1.0,clear
3c2024bb-6fd6-4a97-b10c-3e952723d276,Downtown,2026-03-01 23:06:04,2026-03-01 23:14:48,14.4,1.0,clear
661008c2-1fe1-4bc3-a5e1-c68a1f3d73f7,UnionStation,2026-03-01 23:16:50,2026-03-01 23:16:56,12.16,1.0,clear
f939b190-0c96-46ae-b29b-3909564d00b9,Scarborough,2026-03-01 23:17:17,2026-03-01 23:17:47,15.45,1.0,clear
b1955a40-d95e-48f6-b6e0-92fa54a83dd0,Waterfront,2026-03-01 23:17:15,2026-03-01 23:18:05,38.02,1.6,snow
f414ef43-f65f-4b27-84a0-4ce49365acfc,Yorkdale,2026-03-01 23:17:19,2026-03-01 23:18:49,10.39,1.0,clear
cc92026f-b216-4971-9a79-0131ecdf214e,Airport,2026-03-01 23:18:06,2026-03-01 23:19:35,22.33,1.0,clear
52f7314d-8c1a-4398-b2ef-7a42da0b6749,Downtown,2026-03-01 23:18:50,2026-03-01 23:21:45,20.05,1.6,snow
5502c449-c7e2-43a4-a467-d1e5436fdb08,Yorkdale,2026-03-01 23:21:12,2026-03-01 23:22:57,8.77,1.0,clear
1a69f3e8-b823-47d0-b069-cbe132169de8,Scarborough,2026-03-01 23:13:53,2026-03-01 23:23:09,22.85,1.0,clear
dc69c23d-5ba3-45be-b889-444381a66a64,Airport,2026-03-01 23:22:58,2026-03-01 23:23:20,17.7,1.0,clear
08c26e31-628f-4691-82d5-c183ba4cb0bc,Yorkdale,2026-03-01 23:23:02,2026-03-01 23:23:22,38.88,1.6,snow
4fdb08b6-2b3c-4619-9405-a637bd3b93f3,Airport,2026-03-01 23:23:31,2026-03-01 23:23:37,15.77,1.6,snow
ed436e6c-f00f-49ba-a90f-787be74e2e06,Airport,2026-03-01 23:22:05,2026-03-01 23:23:54,8.62,1.0,clear
47d84847-6286-4967-bab7-c9345f782961,Downtown,2026-03-01 23:23:27,2026-03-01 23:24:20,16.56,1.0,clear
c05afba7-5621-495f-9654-bfbef0fedc52,Waterfront,2026-03-01 23:24:12,2026-03-01 23:24:23,32.08,1.3,rain
11f5a61a-aa5a-4d32-86f6-973a43f2a1ab,UnionStation,2026-03-01 23:23:12,2026-03-01 23:25:51,13.86,1.0,clear
3535e4b0-ada4-4354-b2d3-afae435fae32,UnionStation,2026-03-01 23:24:59,2026-03-01 23:26:06,20.41,1.0,clear
dce37bc8-1eff-48cf-b185-0de8ec0acfc1,NorthYork,2026-03-01 23:26:03,2026-03-01 23:26:41,20.64,1.0,clear
7bdb76d7-8d5b-4907-92ef-e89cdbd8bb8a,Scarborough,2026-03-01 23:28:38,2026-03-01 23:29:32,11.23,1.0,clear
6e7f8e86-6905-4951-915c-ef8ea07d6b08,Yorkdale,2026-03-01 23:29:15,2026-03-01 23:30:01,24.37,1.0,clear
b040838c-3b72-43cb-abad-1e33f2bac3f1,UofT,2026-03-01 23:29:19,2026-03-01 23:30:04,18.3,1.0,clear
db04e45b-674f-41ea-96a1-3f682409a00e,NorthYork,2026-03-01 23:29:38,2026-03-01 23:30:13,12.23,1.0,clear
55d2d0b5-f091-487c-958d-862ca44127f5,Waterfront,2026-03-01 23:29:35,2026-03-01 23:30:28,12.91,1.0,clear
96a7117a-5c2f-4909-aa92-9fbe3d6be0db,Downtown,2026-03-01 23:32:10,2026-03-01 23:32:36,23.32,1.0,clear
baf4e6a4-56a7-44cb-abab-ce1ef5cd7104,NorthYork,2026-03-01 23:34:00,2026-03-01 23:34:24,16.14,1.0,clear
b57697fb-6155-43fe-9ea1-fab63a00929c,UnionStation,2026-03-01 23:35:19,2026-03-01 23:35:30,13.21,1.0,clear
8209f747-3936-4a91-8bf9-bec03c37ff14,Scarborough,2026-03-01 23:35:26,2026-03-01 23:35:33,27.86,1.6,snow
f5a288da-32eb-4125-9c65-26b41507caca,Downtown,2026-03-01 23:27:53,2026-03-01 23:36:00,12.55,1.0,clear
b0ff3371-afd4-4f29-a94f-7e1167322864,Etobicoke,2026-03-01 23:30:56,2026-03-01 23:37:09,15.63,1.0,clear
8c68201d-585c-4f72-a6db-2e918c5f0fc9,Waterfront,2026-03-01 23:38:09,2026-03-01 23:38:39,27.92,1.3,rain
d8759b58-5eb9-4d05-a5fa-f55d0ab1422b,Scarborough,2026-03-01 23:40:09,2026-03-01 23:40:11,18.66,1.0,clear
bfa203cc-f510-4541-b719-6591247494f3,Yorkdale,2026-03-01 23:42:12,2026-03-01 23:42:42,18.25,1.0,clear
a6fac134-39ea-4c42-ae6d-15273c87d763,NorthYork,2026-03-01 23:44:27,2026-03-01 23:45:04,21.64,1.0,clear
aabd78c4-8f0f-4d0e-9b14-fc19f7f84bef,Downtown,2026-03-01 23:40:00,2026-03-01 23:45:20,19.96,1.3,rain
ab9d60d8-331f-4d25-818a-cdecce0b2deb,Waterfront,2026-03-01 23:45:42,2026-03-01 23:45:49,22.47,1.0,clear
82dda178-d994-49d3-af90-a76321d1e4ed,NorthYork,2026-03-01 23:44:19,2026-03-01 23:47:11,19.06,1.0,clear
5a8b4d84-240d-4c82-8c84-96c669637209,UnionStation,2026-03-01 23:47:14,2026-03-01 23:47:39,24.54,1.0,clear
87621b4c-8adf-4412-b9a7-df9bd0d6f6f0,UnionStation,2026-03-01 23:47:29,2026-03-01 23:47:41,21.61,1.0,clear
2b06e71a-2633-468e-a343-045d8d676435,Downtown,2026-03-01 23:47:00,2026-03-01 23:47:48,12.43,1.0,clear
46f787c2-848b-4db8-9985-554ea9495c8b,Midtown,2026-03-01 23:47:54,2026-03-01 23:48:00,13.42,1.0,clear
7fc629a1-e75d-46fc-a645-5f329d4f80f0,Downtown,2026-03-01 23:47:18,2026-03-01 23:48:10,8.61,1.0,clear
5502a4f2-d5a0-4a06-a63a-7ccc55defbd2,Downtown,2026-03-01 23:48:06,2026-03-01 23:48:46,14.41,1.0,clear
aa490431-edc5-4976-8c83-a51f8431c9e9,Midtown,2026-03-01 23:48:35,2026-03-01 23:49:09,16.45,1.0,clear
b87a147f-44cb-4f9c-bde9-10600d4dce64,Airport,2026-03-01 23:48:37,2026-03-01 23:49:37,13.09,1.0,clear
7115cec7-8b01-4780-9aa6-4d0c7e08e7ae,Midtown,2026-03-01 23:51:19,2026-03-01 23:51:26,29.29,1.6,snow
1ec87301-695e-44c6-9a13-458d9fd16a6e,Waterfront,2026-03-01 23:48:49,2026-03-01 23:51:46,21.62,1.0,clear
89154d2e-3ce4-4c08-a8da-721484daba77,Waterfront,2026-03-01 23:51:30,2026-03-01 23:51:53,30.6,1.3,rain
1db52836-be40-466f-9179-bd524403a62a,Scarborough,2026-03-01 23:52:28,2026-03-01 23:52:56,15.43,1.0,clear
0d8e0f5f-5946-4f5f-af2b-d5f9de29df1c,Midtown,2026-03-01 23:54:22,2026-03-01 23:55:16,32.06,1.6,snow
dd5b320a-9bea-45ac-844f-27b2f0c74cd9,Yorkdale,2026-03-01 23:55:55,2026-03-01 23:56:35,24.08,1.0,clear
fa1dda67-ad8c-465d-81ea-40f0ad9b54b8,UnionStation,2026-03-01 23:56:10,2026-03-01 23:56:42,12.01,1.0,clear
7ab5eed9-911d-4564-9cb1-18832cd07df2,UnionStation,2026-03-01 23:54:20,2026-03-01 23:57:04,11.5,1.0,clear
e39b4dc6-fa72-4981-88ae-5c07d612df69,Midtown,2026-03-01 23:55:17,2026-03-01 23:58:04,13.5,1.3,rain
6cf48a2e-a505-463e-9f3b-6522f0f264a2,Waterfront,2026-03-01 23:57:32,2026-03-01 23:58:32,19.93,1.0,clear
49df379c-7f56-4bd0-93e8-7c9c392d8da1,Midtown,2026-03-01 23:57:47,2026-03-01 23:58:46,15.21,1.0,clear
469f2f5c-6938-41c1-bb6f-e9bc73800ce9,Airport,2026-03-01 23:59:23,2026-03-01 23:59:48,9.03,1.0,clear
cd859df5-e812-4185-9a09-dc3c207b5cf1,Waterfront,2026-03-02 00:00:00,2026-03-02 00:00:37,13.25,1.0,clear
4acbaf16-e320-4b4c-ab9f-7a73e926c312,UofT,2026-03-01 23:52:37,2026-03-02 00:00:45,22.77,1.0,clear
9288ed76-9615-4ca0-8281-169192d1c19f,Scarborough,2026-03-01 23:59:16,2026-03-02 00:01:53,15.24,1.0,clear
9d6fd3a7-519a-495b-bc12-6c078bf3abcf,Etobicoke,2026-03-01 23:59:34,2026-03-02 00:02:00,15.94,1.0,clear
a48fd538-69b8-4863-8111-15fc2de4982a,Midtown,2026-03-01 23:59:24,2026-03-02 00:04:53,22.11,1.0,clear
